key,name,label,abbr,aliases,year,date,lane,creatorLane,phase,type,registry,scope,stakeholders,buildsOnFair,subdomains,fromCollection,fairsharing,url,creator,maintained,description,dateSource,dateBasis
agritox,AGRITOX,AGRITOX,,,1986,1986,Application (regulatory),Made by regulators,Application (Regulatory Use),Database: knowledgebase,Database,Toxicology,Regulator,False,eco-toxicology; regulatory toxicology,True,https://doi.org/10.25504/FAIRsharing.73888a,https://www.data.gouv.fr/fr/datasets/base-de-donnees-agritox/,INRA; ANSES,active,"French database of pesticide active substances, created by INRA and now run by ANSES. It holds expert-validated data from regulatory dossiers and the literature: identity, physicochemical properties, acute toxicity, reference values (ADI, ARfD, AOEL), ecotoxicity and classification. The data are released as open files, so regulatory pesticide hazard data can be reused.",https://www.data.gouv.fr/datasets/base-de-donnees-agritox,release
aicis,Australian Industrial Chemicals Introduction Scheme,AICIS,AICIS,AICIS,2020,2020-07-01,Application (regulatory),Made by regulators,Application (Regulatory Use),Database: knowledgebase,Database,Toxicology,Regulator,False,regulatory toxicology,True,https://doi.org/10.25504/FAIRsharing.79e002,https://services.industrialchemicals.gov.au,AICIS (Australian Government),active,"Online database search portal of Australia's industrial chemicals regulator, which replaced NICNAS in July 2020. It gives access to the Australian Inventory of Industrial Chemicals, published human-health and environmental hazard, exposure and risk assessments (including reports inherited from NICNAS) and risk-management recommendations.",https://web.archive.org/web/20200701123743/https://www.industrialchemicals.gov.au/,release
ammar_mi,Nanosafety FAIR maturity indicators (Ammar et al.),Nanosafety FAIR maturity indicators…,,Ammar Ammar nanotox fair maturity indicators; 281 maturity indicators; FAIR maturity models/framework for Toxicology; FAIR assessment of nanosafety data reusability with community standards,2022,2022-07-05,Tools & Integration,Made by in silico research,Data Integration,Standard: reporting guideline,Standard,Toxicology,In silico research,False,nanotoxicology,False,,https://github.com/NSDRA/nsdra-maturity-indicators,Maastricht University (BiGCaT),unknown,These are machine-readable FAIR maturity indicators derived from twelve nanosafety minimum reporting standards. The NSDRA framework uses them to annotate nanosafety datasets and score how reusable the datasets are for specific computational risk assessment use cases.,https://doi.org/10.26434/chemrxiv-2022-l8vk8,publication
aop_ec,Event Components (structured Key Event annotation),Event Components,,Event Components,2017,2017-12,Tools & Integration,Made by regulators,Data Integration,Standard: model/format,Standard,Toxicology,Regulator,False,AOP-based mechanistic knowledge,False,,https://aopwiki.org/sub_events,US EPA; EC JRC,active,"A structured way of describing each AOP Key Event as a biological process, a biological object and an action, each term taken from an existing ontology or controlled vocabulary. Implemented in the AOP-Wiki, it makes Key Events machine-readable so AOPs can be searched, compared and linked computationally.",https://doi.org/10.1089/aivt.2017.0017,publication
aopdb,AOP-DB (Adverse Outcome Pathway Database),AOP-DB,,AOP-DB; US EPA AOP-DB,2018,2018-02-14,Tools & Integration,Made by regulators,Data Integration,Database: knowledgebase,Database,Toxicology,Regulator,False,AOP-based mechanistic knowledge,False,,https://aopdb.epa.gov,US EPA,discontinued,"The US EPA Adverse Outcome Pathway Database (AOP-DB) links AOP information from the AOP-Wiki to public data on genes, chemicals, diseases, pathways, species orthology and ToxCast assays. It supports computational exploration of the molecular targets and biological context of AOPs; this row covers the first version, described in 2018.",https://doi.org/10.1016/j.taap.2018.02.006,publication
aopdb_v2,AOP-DB 2021 update (version 2),second version of AOP-DB,second version of AOP-DB,second version of AOP-DB; aopdb2021; The 2021 update of the EPA's adverse outcome pathway database,2021,2021-03-11,Tools & Integration,Made by regulators,Data Integration,Database: knowledgebase,Database,Toxicology,Regulator,False,AOP-based mechanistic knowledge,False,,https://doi.org/10.23719/1522396,US EPA,unknown,"Version 2 of the EPA AOP-DB (2021 update) added automated AOP-Wiki data pulls, tissue-, individual- and population-level gene data, semantic mapping with a SPARQL endpoint, and the first public web interface. The full database was also released as downloadable SQL files.",https://doi.org/10.6084/m9.figshare.c.5335553.v1,release
aopdbrdf,AOP-DB RDF,AOP-DB RDF,,mortensen2022,2022,2022-02-14,Tools & Integration,Made jointly,Data Integration,Database: knowledgebase,Database,Toxicology,In silico research; Regulator,False,AOP-based mechanistic knowledge,False,,https://aopdb.rdf.bigcat-bioinformatics.org/sparql,US EPA; Maastricht University (BiGCaT),active,"AOP-DB RDF is a semantic-web (RDF) version of selected AOP-DB tables, mapped to ontologies and aligned with AOP-Wiki RDF, and served through a public SPARQL endpoint. It allows federated queries that link AOP data with genes, diseases, pathways and ToxCast assays.",https://doi.org/10.3389/ftox.2022.803983,publication
aophelp,AOP-helpFinder,AOP-helpFinder,,jaylet2023,2019,2019-04-17,Tools & Integration,Made by in silico research,Data Integration,Tool,Tool,Toxicology,In silico research,False,AOP-based mechanistic knowledge,False,,https://aop-helpfinder.u-paris-sciences.fr/,Universite Paris Cite / Inserm,active,"AOP-helpFinder is a web tool with open code that text-mines PubMed abstracts. It finds where chemical stressors and biological events (molecular initiating events, key events, adverse outcomes) are mentioned together, so researchers can collect literature evidence to build and weigh adverse outcome pathways.",https://doi.org/10.1289/EHP4200,publication
aophelp_2025,AOP-helpFinder 3.0,AOP-helpFinder 3.0,AOP-helpFinder 2025 version,AOP-helpFinder 2025 version; btaf381,2024,2024-11-15,Tools & Integration,Made by in silico research,Data Integration,Tool,Tool,Toxicology,In silico research,False,AOP-based mechanistic knowledge,False,,https://aop-helpfinder-v3.u-paris-sciences.fr/,Universite Paris Cite / Inserm,active,"AOP-helpFinder 3.0 is the third major version of AOP-helpFinder. It adds network views of the stressor-event and event-event (key event relationship) links found by text mining, and annotates them with data from external sources such as AOP-Wiki, KEGG, WikiPathways, Reactome, UniProt and disease-gene databases.",https://github.com/systox1124/AOP-helpFinder/releases/tag/v3,release
aopkb,OECD Adverse Outcome Pathway Knowledge Base (AOP-KB),AOP-KB,,AOP-KB,2014,2014,Tools & Integration,Made jointly,Data Integration,Database: knowledgebase,Database,Toxicology,In silico research; Regulator,False,AOP-based mechanistic knowledge,False,,https://aopkb.oecd.org,"OECD (with US EPA, EC JRC and US Army ERDC)",discontinued,"The OECD Adverse Outcome Pathway Knowledge Base (AOP-KB) is the OECD web platform that brings together tools for developing, reviewing and sharing adverse outcome pathways. The AOP-Wiki is its core module, alongside Effectopedia, AOP Xplorer and the Intermediate Effects DB. Since mid-2026 its address redirects to the AOP-Wiki.",https://doi.org/10.5620/eht.e2018002,release
aopnet,AOP-networkFinder,AOP-networkFinder,,yarar2025,2024,2024-04-25,Tools & Integration,Made by in silico research,Data Integration,Tool,Tool,Toxicology,In silico research,False,AOP-based mechanistic knowledge,False,,https://aop-networkfinder.no/,Norwegian Institute of Public Health (FHI); University of Oslo,active,"AOP-networkFinder is a web application, also available as open code and a Docker image. It pulls content from AOP-Wiki to build, merge, annotate and visualise networks of adverse outcome pathways, and exports them to Cytoscape for further analysis.",https://github.com/folkehelseinstituttet/AOPnetworkFinder_v1/releases/tag/v1.0.0,release
aopo,AOP Ontology (AOPO),AOP Ontology (AOPO),,AOP Ontology,2015,2015-11-04,Tools & Integration,Made by in silico research,Data Integration,Standard: terminology artefact,Standard,Toxicology,In silico research,False,AOP-based mechanistic knowledge,False,,https://github.com/DataSciBurgoon/aop-ontology,US Army ERDC (L. Burgoon),unknown,"An OWL ontology for adverse outcome pathways that reuses classes from existing biomedical ontologies to describe molecular initiating events, key events and adverse outcomes in a common vocabulary. It enables computational reasoning over AOPs, and its terms are reused, for example, in the AOP-Wiki RDF.",https://doi.org/10.5281/zenodo.33226,release
aopwiki,AOP-Wiki,AOP-Wiki,,AOP-wiki,2014,2014-09-28,Tools & Integration,Made by regulators,Data Integration,Database: knowledgebase,Database,Toxicology,Regulator,False,AOP-based mechanistic knowledge; computational and predictive toxicology,False,,https://aopwiki.org,OECD (with US EPA and EC JRC),active,"The AOP-Wiki is the OECD collaborative wiki for building, reviewing and publishing adverse outcome pathways. It records molecular initiating events, key events, key event relationships, stressors and the supporting evidence in a structured template. Its downloadable content is the central reference store of AOP knowledge for regulatory and computational toxicology.",https://web.archive.org/web/20150924160559/https://aopkb.org/aopwiki/index.php/Release_Notes,release
aopwikirdf,AOP-Wiki RDF,AOP-Wiki RDF,,AOP-Wiki RDF representation,2019,2019-04-30,Tools & Integration,Made by in silico research,Data Integration,Database: knowledgebase,Database,Toxicology,In silico research,False,AOP-based mechanistic knowledge,False,,https://aopwiki.rdf.bigcat-bioinformatics.org,Maastricht University (BiGCaT),active,"A Linked Data version of the AOP-Wiki, converted from the AOP-Wiki XML export into RDF and served through a public SPARQL endpoint. It maps AOPs, key events and stressors to external gene, protein and chemical identifiers, so AOP knowledge can be queried and combined with other resources.",https://doi.org/10.5281/zenodo.2654857,release
apvma_cr,The Australian Pesticides and Veterinary Medicines Authority (APVMA) database of completed chemical reviews,APVMA-CR,APVMA-CR,APVMA-CR,1995,1995,Application (regulatory),Made by regulators,Application (Regulatory Use),Database: knowledgebase,Database,Toxicology,Regulator,False,regulatory toxicology,True,https://fairsharing.org/5630,https://www.apvma.gov.au/regulation/chemical-review,APVMA,active,"Listing of chemical reviews by the Australian Pesticides and Veterinary Medicines Authority: completed, ongoing and scheduled reconsiderations of registered agricultural and veterinary chemicals. Review reports document human-health, environmental, residue and worker-safety assessments and the resulting regulatory decisions.",https://fairsharing.org/5630,FAIRsharing year
arrayexpress,ArrayExpress,ArrayExpress,,,2002,2002-02,Life Sciences infrastructure,Life Sciences infrastructure,,Database: repository,Database,Life Sciences,,False,toxicogenomics,True,https://doi.org/10.25504/FAIRsharing.6k0kwd,https://www.ebi.ac.uk/biostudies/arrayexpress/,EMBL-EBI,active,"Public EMBL-EBI archive for functional genomics experiments, mainly gene expression data from microarrays and high-throughput sequencing (including single-cell), annotated to MIAME and MINSEQE. Now served through BioStudies but with its own data model and Annotare submission tool, it lets toxicogenomics datasets be deposited, found and reused.",https://doi.org/10.1093/nar/gkg091,release
arraytrack,ArrayTrack,ArrayTrack,,arraytrack,2003,2003-11,Tools & Integration,Made by regulators,Data Integration,Tool,Tool,Toxicology,Regulator,False,toxicogenomics,False,,https://www.fda.gov/science-research/bioinformatics-tools/arraytracktm-hca-pca-standalone-package-powerful-data-exploring-tools,US FDA NCTR,discontinued,"ArrayTrack is FDA NCTR software that combines a MIAME-supportive microarray database, local copies of public annotation libraries and analysis tools. It was used to store, analyse and interpret toxicogenomics and pharmacogenomics data, including genomic data submitted to FDA.",https://doi.org/10.1289/ehp.6497,publication
bao,BioAssay Ontology (BAO),BioAssay Ontology (BAO),,BAO; Bioassay Ontology,2010,2010-09-17,Life Sciences infrastructure,Life Sciences infrastructure,,Standard: terminology artefact,Standard,Life Sciences,,False,in vitro toxicology; nanotoxicology,False,https://doi.org/10.25504/FAIRsharing.mye76w,https://bioassayontology.org,University of Miami,active,"The BioAssay Ontology (BAO) is an OWL ontology that describes biological screening assays and their results, including assay format, design, detection technology, target and endpoint. It allows bioassay and high-throughput screening data (for example from PubChem) to be annotated consistently, queried and integrated.",https://web.archive.org/web/20110703074549/http://bioportal.bioontology.org/ontologies/1533,release
biomodels,BioModels,BioModels,,,2005,2005-04-11,Life Sciences infrastructure,Life Sciences infrastructure,,Database: knowledgebase,Database,Life Sciences,,False,computational and predictive toxicology,False,https://doi.org/10.25504/FAIRsharing.paz6mh,https://www.biomodels.org/,EMBL-EBI,active,"A repository of mathematical models of biological processes taken from the literature, many of them manually curated, annotated and checked for reproducibility, mostly in SBML. Models get stable identifiers and semantic annotations, so they can be found, cited, simulated and reused, including in quantitative systems toxicology and PBK modelling.",https://web.archive.org/web/20050414044700/http://www.ebi.ac.uk/biomodels/,release
bioschemas_chemicalsubstance,Bioschemas ChemicalSubstance Profile,Bioschemas ChemicalSubstance Profile,,,2018,2018-12-07,Life Sciences infrastructure,Life Sciences infrastructure,,Standard: model/format,Standard,Life Sciences,,False,,True,https://doi.org/10.25504/FAIRsharing.82f7b4,https://bioschemas.org/profiles/ChemicalSubstance/0.4-RELEASE,Bioschemas community (ELIXIR),active,"Bioschemas profile that sets out which schema.org properties (identifiers, names, composition, links to ChEBI and other ontology terms) to use when marking up web pages about chemical substances. Substance records on websites and databases then become findable by search engines and harvesters and interoperable as structured metadata.",https://bioschemas.org/profiles/ChemicalSubstance/0.1-DRAFT-2018_12_07,release
bioschemas_computationaltool,Bioschemas ComputationalTool Profile,Bioschemas ComputationalTool Profile,,,2019,2019-11-26,Life Sciences infrastructure,Life Sciences infrastructure,,Standard: model/format,Standard,Life Sciences,,False,,True,https://doi.org/10.25504/FAIRsharing.991d4e,https://bioschemas.org/profiles/ComputationalTool/1.0-RELEASE,Bioschemas community (ELIXIR),active,"Bioschemas profile for describing software tools and services with schema.org markup: name, function, inputs and outputs, version, operating system, licence and citation, using EDAM terms as in bio.tools. It makes research software, including in silico toxicology tools, findable and comparable on the web.",https://bioschemas.org/profiles/ComputationalTool/0.5-DRAFT,release
bioschemas_computationalworkflow,Bioschemas ComputationalWorkflow Profile,Bioschemas ComputationalWorkflow Profile,,,2019,2019-02-08,Life Sciences infrastructure,Life Sciences infrastructure,,Standard: model/format,Standard,Life Sciences,,False,,True,https://doi.org/10.25504/FAIRsharing.e457b5,https://bioschemas.org/profiles/ComputationalWorkflow/1.0-RELEASE,Bioschemas community (ELIXIR),active,"Bioschemas profile that defines schema.org metadata for computational workflows (creators, workflow language, inputs and outputs as formal parameters, licence, version), so that workflows can be described, found and cited, for example in WorkflowHub and Workflow RO-Crate. It supports FAIR sharing of analysis pipelines, including those used in toxicology.",https://bioschemas.org/profiles/ComputationalWorkflow/0.1-DRAFT-2019_02_08,release
bioschemas_dataset_profile,Bioschemas Dataset Profile,Bioschemas Dataset Profile,,,2017,2017,Life Sciences infrastructure,Life Sciences infrastructure,,Standard: model/format,Standard,Life Sciences,,False,,True,https://doi.org/10.25504/FAIRsharing.20sbr9,https://bioschemas.org/profiles/Dataset/,Bioschemas community (ELIXIR),active,"A Bioschemas profile that sets out which schema.org Dataset properties life-science data providers should embed in their dataset web pages, graded as minimum, recommended or optional. Consistent markup lets search engines, registries and portals harvest dataset descriptions, so datasets are easier to find across repositories.",https://github.com/BioSchemas/bioschemas.github.io/commit/c9d53fa1a32a1296eb6eebbc29a7dd06ef3a5ccf,release
bioschemas_molecularentity,Bioschemas MolecularEntity Profile,Bioschemas MolecularEntity Profile,,,2018,2018-11-14,Life Sciences infrastructure,Life Sciences infrastructure,,Standard: model/format,Standard,Life Sciences,,False,,True,https://doi.org/10.25504/FAIRsharing.ccaad2,https://bioschemas.org/profiles/MolecularEntity/0.5-RELEASE,Bioschemas community (ELIXIR),active,"A Bioschemas profile for describing chemical entities such as molecules, ions or complexes on web pages with schema.org properties (names, identifiers, InChI, InChIKey, SMILES, molecular formula). Chemical records on different sites can then be harvested and linked through shared structured metadata.",https://bioschemas.org/profiles/MolecularEntity/0.2-DRAFT-2018_11_14,release
bioschemas_sample_profile,Bioschemas Sample Profile,Bioschemas Sample Profile,,,2017,2017,Life Sciences infrastructure,Life Sciences infrastructure,,Standard: model/format,Standard,Life Sciences,,False,,True,https://doi.org/10.25504/FAIRsharing.f3a3ca,https://bioschemas.org/profiles/Sample/0.2-RELEASE-2018_11_10,Bioschemas community (ELIXIR),active,"A Bioschemas profile with a minimal set of schema.org properties, plus Bioschemas extensions, to identify, link and describe biological samples on web pages. Biobanks and sample databases can then expose comparable sample metadata that search engines and aggregators can harvest.",https://github.com/BioSchemas/bioschemas.github.io/commit/cfa46b2c2c,release
biosd,BioSamples,BioSamples,BioSD,BioSD,2011,2011,Life Sciences infrastructure,Life Sciences infrastructure,,Database: repository,Database,Life Sciences,,False,toxicogenomics,True,https://doi.org/10.25504/FAIRsharing.ewjdq6,https://www.ebi.ac.uk/biosamples/,EMBL-EBI,active,"EMBL-EBI database that stores and curates metadata about biological samples used in assays and gives each one a stable accession. A sample can be described once and then linked to data in archives such as ENA, ArrayExpress and PRIDE, so omics data can be searched and combined across databases by sample characteristics.",http://web.archive.org/web/20111009081118/http://www.ebi.ac.uk:80/biosamples/,release
biostudies,BioStudies,BioStudies,,BioStudies repository,2015,2015-12-23,Life Sciences infrastructure,Life Sciences infrastructure,,Database: repository,Database,Life Sciences,,False,in vitro toxicology; toxicogenomics,False,https://doi.org/10.25504/FAIRsharing.mtjvme,https://www.ebi.ac.uk/biostudies/,EMBL-EBI,active,"An EMBL-EBI archive for whole biological studies. It stores study-level metadata, links to data held in other archives, and data files that have no dedicated repository. It hosts project collections, including those of toxicology projects, and now holds the ArrayExpress functional genomics data.",https://doi.org/10.15252/msb.20156658,publication
biu,Biocides in the environment,Biocides in the environment,BiU,BiU,2023,2023,Tools & Integration,Made by regulators,Data Integration,Database: knowledgebase,Database,Toxicology,Regulator,False,exposome; eco-toxicology,True,https://doi.org/10.25504/FAIRsharing.f37bb6,https://recherche.chemikalieninfo.de/biu,German Environment Agency (UBA),active,"Database of the German Environment Agency on the ChemInfo platform. It collects monitoring data on biocidal active substances in water, wastewater, soil, sediment, sewage sludge and biota from Germany, Austria and Switzerland, together with approval status, physicochemical properties and CLP classification. Environmental occurrence data for biocides can be searched and exported.",https://web.archive.org/web/20230607160355/https://recherche.chemikalieninfo.de/biu,release
blood_exposome_db,The Blood Exposome Database,The Blood Exposome Database,Blood Exposome DB,Blood Exposome DB,2019,2019-09-26,Tools & Integration,Made by in silico research,Data Integration,Database: knowledgebase,Database,Toxicology,In silico research,False,exposome,True,https://doi.org/10.25504/FAIRsharing.68a369,https://bloodexposome.org/,UC Davis (West Coast Metabolomics Center),active,"Database of chemicals reported in human blood. It was built by text-mining PubMed and PubChem and merging chemical lists from metabolomics, exposure science, toxicology and nutrition. It supports exposome research and the annotation of untargeted metabolomics and exposomics data.",https://doi.org/10.1289/EHP4713,publication
cas_rn,CAS Registry Number,CAS Registry Number,CAS RN,CAS RN,1965,1965,Life Sciences infrastructure,Life Sciences infrastructure,,Standard: identifier schema,Standard,Life Sciences,,False,regulatory toxicology,True,https://doi.org/10.25504/FAIRsharing.r7Kwy7,https://www.cas.org/cas-data/cas-registry,"CAS (Chemical Abstracts Service), American Chemical Society",active,"Numeric identifier, up to ten digits in three hyphenated parts ending in a check digit, that CAS assigns to each distinct substance in its CAS REGISTRY. It is the most widely used substance identifier in chemical inventories, regulations and safety data, and links names and data across sources.",https://www.cas.org/cas-data/cas-registry,release
cesar,Canada’s Existing Substances Assessment Repository,CESAR,CESAR,CESAR,2009,2009-02-05,Application (regulatory),Made by regulators,Application (Regulatory Use),Database: knowledgebase,Database,Toxicology,Regulator,False,regulatory toxicology,True,https://doi.org/10.25504/FAIRsharing.750d23,https://www.canada.ca/en/health-canada/services/chemical-substances.html,Environment and Climate Change Canada; Health Canada,active,"Canadian repository of risk and other regulatory assessment reports on existing substances under the Canadian Environmental Protection Act, from the Priority Substances List and the Chemicals Management Plan. Each report covers substance identity, exposure, effects and risk characterisation. Reports are reached through eChemPortal and Health Canada's chemical substances portal.",https://www.echemportal.org/echemportal/content/news,release
chebi,ChEBI (Chemical Entities of Biological Interest),ChEBI,,ChEBI,2004,2004-07-21,Life Sciences infrastructure,Life Sciences infrastructure,,Standard: terminology artefact,Standard,Life Sciences,,False,nanotoxicology; computational and predictive toxicology,False,https://doi.org/10.25504/FAIRsharing.62qk8w,https://www.ebi.ac.uk/chebi/,EMBL-EBI,active,"ChEBI (Chemical Entities of Biological Interest) is a freely available dictionary and ontology of small molecular entities, classified by chemical structure and by biological or application role. Its stable identifiers, names, structures and cross-references are widely used to annotate chemicals in databases and ontologies.",https://doi.org/10.1093/nar/gkm791,release
chembl,ChEMBL,ChEMBL,,ChEMBL,2009,2009-10-28,Life Sciences infrastructure,Life Sciences infrastructure,,Database: knowledgebase,Database,Life Sciences,,False,computational and predictive toxicology,True,https://doi.org/10.25504/FAIRsharing.m3jtpg,https://www.ebi.ac.uk/chembl,EMBL-EBI,active,"Open, manually curated database of bioactive, drug-like molecules that links chemical structures to bioactivity measurements, assays and targets, mostly extracted from the medicinal chemistry literature. Its standardised, downloadable data support in silico modelling, including of off-target and toxicity-related activities.",https://chembl.blogspot.com/2009/10/chembl-database-web-interface-and-data.html,release
cheminfo,ChemInfo,ChemInfo,,,2019,2019,Application (regulatory),Made by regulators,Application (Regulatory Use),Database: knowledgebase and repository,Database,Toxicology,Regulator,False,eco-toxicology; regulatory toxicology,True,https://doi.org/10.25504/FAIRsharing.b5a070,https://recherche.chemikalieninfo.de/,"German federal and Länder authorities (ChemInfo cooperation, UBA)",active,"Chemical information system run jointly by the German federal and state authorities as the successor of the GSBL substance data pool. For each substance it compiles identity, physicochemical, toxicological and ecotoxicological data, environmental occurrence, hazard and emergency-response information and the relevant legal provisions. A public subset can be searched without registration; the full data set is open to authorities and emergency services.",http://web.archive.org/web/20190821200437/https://gsbl.de/,release
chemspider,ChemSpider,ChemSpider,,ChemSpider,2007,2007-03,Life Sciences infrastructure,Life Sciences infrastructure,,Database: knowledgebase,Database,Life Sciences,,False,,True,https://doi.org/10.25504/FAIRsharing.96f3gm,https://www.chemspider.com/,ChemZoo; Royal Society of Chemistry,active,"Free chemical structure database, now run by the Royal Society of Chemistry. It merges compounds from hundreds of data sources into structure-based records with names, identifiers, properties and links back to the sources. It helps resolve chemical identity and locate data on a substance.",https://en.wikipedia.org/wiki/ChemSpider,release
cl,Cell Ontology (CL),Cell Ontology (CL),,Cell Ontology,2003,2003,Life Sciences infrastructure,Life Sciences infrastructure,,Standard: terminology artefact,Standard,Life Sciences,,False,nanotoxicology,False,https://doi.org/10.25504/FAIRsharing.j9y503,https://obophenotype.github.io/cell-ontology/,"Cell Ontology community (OBO Foundry); originally Univ. of Edinburgh, Carnegie Institution, Univ. of Cambridge",active,"The Cell Ontology (CL) is an OBO Foundry ontology of cell types across organisms, with definitions and links to anatomy and other ontologies. It gives standard terms for annotating the cell types used in experiments and recorded in datasets.",https://web.archive.org/web/20030925190936/http://obo.sourceforge.net/ontologies.js,release
combine_coll,COMBINE FAIRsharing collection,COMBINE FAIRsharing collection,,Computational Modeling (COMBINE); FAIRsharing.ad3f2b,2016,2016-02-16,Life Sciences infrastructure,Life Sciences infrastructure,,Collection,Collection,Life Sciences,,False,computational and predictive toxicology,False,https://doi.org/10.25504/FAIRsharing.ad3f2b,https://fairsharing.org/FAIRsharing.ad3f2b,COMBINE (with FAIRsharing),active,"A FAIRsharing collection, maintained with the COMBINE network, that groups the community standards for computational modelling in biology (e.g. SBML, CellML, SED-ML, SBGN and the COMBINE archive format) with related resources. It gives modellers one curated entry point to interoperable formats for exchanging, annotating and simulating models.",https://web.archive.org/web/20190823150934/https://fairsharing.org/collection/ComputationalModelingCOMBINE,release
comptox,EPA CompTox Chemicals Dashboard,EPA CompTox Chemicals Dashboard,,,2016,2016-04,Tools & Integration,Made by regulators,Data Integration,Database: knowledgebase,Database,Toxicology,Regulator,False,in vitro toxicology; exposome; computational and predictive toxicology,True,https://doi.org/10.25504/FAIRsharing.tfj7gt,https://comptox.epa.gov/dashboard,US EPA,active,"US EPA web application built on the curated DSSTox substance and structure database. For about a million chemicals it brings together physicochemical, fate, exposure, use, in vivo toxicity and ToxCast/Tox21 in vitro bioactivity data. Batch search, identifier mapping and downloads make these data reusable for computational toxicology and risk assessment.",https://doi.org/10.1186/s13321-017-0247-6,release
cookbook,FAIR Cookbook,FAIR Cookbook,,FAIRcookbook; the-fair-cookbook,2020,2020,Generic infrastructure,Generic infrastructure,,Tool,Tool,Generic,,False,,False,,https://faircookbook.elixir-europe.org,FAIRplus / ELIXIR,active,"An open online collection of practical recipes that show step by step how to make life-science data findable, accessible, interoperable and reusable. Topics include identifiers, metadata, vocabularies, licensing and FAIRness assessment. Domain experts write and review the recipes, and communities, including toxicology, can add their own.",https://doi.org/10.1038/s41597-023-02166-3,release
cosing,Cosmetic ingredient database,Cosmetic ingredient database,CosIng,CosIng,2008,2008-05,Application (regulatory),Made by regulators,Application (Regulatory Use),Database: knowledgebase,Database,Toxicology,Regulator,False,regulatory toxicology,True,https://doi.org/10.25504/FAIRsharing.522e02,https://ec.europa.eu/growth/tools-databases/cosing/,European Commission (DG GROW),active,"European Commission information database on cosmetic substances and ingredients. It gives INCI names, CAS/EC numbers, functions and regulatory status under EU cosmetics law (annex entries and restrictions back to 1976), with links to scientific committee opinions. It has no legal value, but it makes the regulatory status of an ingredient easy to find.",https://web.archive.org/web/20081217150446/http://ec.europa.eu/enterprise/cosmetics/new.xml,release
cred,CRED (Criteria for Reporting and Evaluating ecotoxicity Data),CRED,,CRED,2015,2015-09-24,Application (regulatory),Made jointly,Application (Regulatory Use),Standard: reporting guideline,Standard,Toxicology,Wet-lab research; Regulator,False,eco-toxicology; regulatory toxicology,False,,https://www.ecotoxcentre.ch/projects/risk-assessment/cred-criteria-for-reporting-and-evaluating-ecotoxicity-data,Swiss Ecotox Centre; RIVM; Stockholm University,active,"A method for evaluating the reliability (20 criteria) and relevance (13 criteria) of aquatic ecotoxicity studies, with reporting recommendations and an Excel evaluation tool. It makes study evaluations transparent and consistent, so peer-reviewed ecotoxicity data can be reused in regulatory hazard and risk assessment.",https://doi.org/10.1002/etc.3259,publication
ctd,Comparative Toxicogenomics Database,CTD,CTD,CTD,2003,2003-02-13,Tools & Integration,Made by in silico research,Data Integration,Database: knowledgebase,Database,Toxicology,In silico research,False,exposome; toxicogenomics,True,https://doi.org/10.25504/FAIRsharing.h3tjtr,https://ctdbase.org/,MDI Biological Laboratory; NC State University,active,"Public knowledgebase in which biocurators extract chemical-gene, chemical-disease, gene-disease and chemical exposure relationships from the literature. These are integrated with external data such as GO and pathways to infer chemical-gene-disease networks. It helps generate hypotheses on how environmental chemicals affect human health.",https://pmc.ncbi.nlm.nih.gov/articles/PMC1241500/,publication
danish_q_sar_database,Danish (Q)SAR Database,Danish (Q)SAR Database,,,2006,2006-04,Tools & Integration,Made jointly,Data Integration,Database: repository,Database,Toxicology,In silico research; Regulator,False,computational and predictive toxicology; regulatory toxicology,True,https://doi.org/10.25504/FAIRsharing.bca16f,https://qsar.food.dtu.dk/,"DTU National Food Institute (first version from the Danish EPA QSAR group, with ECB support)",active,"Searchable database of (Q)SAR predictions for a large inventory of chemicals. It covers physicochemical, environmental fate, ecotoxicity, ADME and human health endpoints, uses commercial, free and DTU-built models, and documents each model in QMRF format. It is used to screen and prioritise chemicals and to support classification in chemical regulation.",http://web.archive.org/web/20070502164010/http://ecb.jrc.it:80/whatsnew/content1.php?ANNEE=2006,release
dc_data_explorer,DC Data Explorer,DC Data Explorer,,,2017,2017-07-12,Tools & Integration,Made by in silico research,Data Integration,Tool,Tool,Toxicology,In silico research,False,in vitro toxicology; toxicogenomics,False,,https://data.douglasconnect.com/,Douglas Connect (now Edelweiss Connect),unknown,"DC Data Explorer is a Douglas Connect web interface with REST APIs. It gives harmonised programmatic access to the US EPA ToxCast/Tox21 and ToxRefDB data and to the Open TG-GATEs toxicogenomics data, so users can search across these sources and pull the data into workflow tools.",https://doi.org/10.5281/zenodo.831444,release
dixa,diXa data infrastructure for chemical safety assessment,diXa,,diXa; diXa data warehouse,2014,2014,Tools & Integration,Made jointly,Data Integration,Database: knowledgebase and repository,Database,Toxicology,Wet-lab research; In silico research; Regulator,False,toxicogenomics,False,,https://doi.org/10.1093/bioinformatics/btu827,"diXa consortium (Maastricht University, EMBL-EBI)",discontinued,"A data infrastructure from the EU FP7 diXa project that connected a central toxicogenomics data warehouse at EMBL-EBI to a portal linking chemical, molecular and phenotype information. It offered online templates and guidelines for depositing data, plus tools for analysing them; the service is no longer online.",https://web.archive.org/web/20140207104020/http://www.dixa-fp7.eu/,release
drugbank,DrugBank,DrugBank,,,2002,2002,Life Sciences infrastructure,Life Sciences infrastructure,,Database: knowledgebase,Database,Life Sciences,,False,computational and predictive toxicology,True,https://doi.org/10.25504/FAIRsharing.353yat,https://go.drugbank.com/,University of Alberta (Wishart lab); OMx Personal Health Analytics,active,"Bioinformatics and cheminformatics knowledgebase that combines detailed drug data (chemistry, pharmacology, pharmacokinetics, toxicity) with information on drug targets, enzymes and transporters. It is free for academic use and supports drug discovery and computational studies of drug safety.",https://web.archive.org/web/20021209185751/http://www.drugbank.ca/,release
dsld,Dietary Supplement Label Database,DSLD,DSLD,DSLD,2013,2013,Life Sciences infrastructure,Life Sciences infrastructure,,Database: repository,Database,Life Sciences,,False,exposome,True,https://doi.org/10.25504/FAIRsharing.c5b513,https://dsld.od.nih.gov/,NIH Office of Dietary Supplements (ODS) and National Library of Medicine (NLM),active,"Public NIH database of the full label content of dietary supplement products sold in the United States (ingredients and amounts, claims, warnings and label images) for current and historical products, searchable online and downloadable through an API. It supports research on supplement composition and exposure, including screening for potentially harmful ingredients.",https://doi.org/10.1016/j.jfca.2021.104058,release
ec_inventory,EC Inventory,EC Inventory,,,1990,1990-06-15,Application (regulatory),Made by regulators,Application (Regulatory Use),Database: knowledgebase,Database,Toxicology,Regulator,False,regulatory toxicology,True,https://fairsharing.org/6245,https://echa.europa.eu/information-on-chemicals/ec-inventory,European Commission (JRC); ECHA,active,"Combined EU list of EINECS (substances on the market between 1971 and 1981), ELINCS (notified new substances) and the No-Longer-Polymers list, now maintained by ECHA. It assigns the EC numbers that identify substances in EU chemicals legislation and provides reference names for regulatory submissions.",https://eur-lex.europa.eu/legal-content/EN/TXT/?uri=CELEX:51990XC0615(01),release
echa_bpr,ECHA Biocidal Products Regulation,ECHA-BPR,ECHA-BPR,ECHA-BPR,2013,2013-09,Application (regulatory),Made by regulators,Application (Regulatory Use),Database: knowledgebase,Database,Toxicology,Regulator,False,regulatory toxicology,True,https://doi.org/10.25504/FAIRsharing.60ef2d,https://echa.europa.eu/information-on-chemicals/biocidal-active-substances,ECHA,active,"ECHA database of biocidal active substances, organised by active substance and product type. For each it shows approval status under the Biocidal Products Regulation, whether it is a candidate for substitution, and links to assessment reports and authorised products. It makes the outcome of EU biocide evaluations publicly accessible.",https://web.archive.org/web/20130906170546/http://echa.europa.eu/web/guest/information-on-chemicals/biocidal-active-substances,release
echa_chem_reach,"ECHA CHEM - Registration, Evaluation, Authorisation and Restriction of Chemicals Regulation",ECHA CHEM - REACH,ECHA CHEM - REACH,ECHA CHEM - REACH,2024,2024-01-30,Application (regulatory),Made by regulators,Application (Regulatory Use),Database: knowledgebase,Database,Toxicology,Regulator,False,regulatory toxicology,True,https://doi.org/10.25504/FAIRsharing.ab25e3,https://chem.echa.europa.eu/,ECHA,active,"ECHA's public chemicals database. Its first release published the non-confidential content of all REACH registration dossiers: substance identity, physicochemical, toxicological and ecotoxicological data and safe-use information. It is gradually absorbing ECHA's other public chemical data, such as the C&L Inventory.",https://echa.europa.eu/-/echa-launches-new-chemicals-database,release
echa_clp,"ECHA Classification, Labelling and Packaging",ECHA-CLP,ECHA-CLP,ECHA-CLP,2012,2012-02-13,Application (regulatory),Made by regulators,Application (Regulatory Use),Database: knowledgebase,Database,Toxicology,Regulator,False,regulatory toxicology,True,https://doi.org/10.25504/FAIRsharing.4782f1,https://echa.europa.eu/web/guest/information-on-chemicals/cl-inventory-database,ECHA,discontinued,Public EU database of classification and labelling information on substances notified or registered under the CLP and REACH Regulations. It includes industry self-classifications and the harmonised classifications of CLP Annex VI. The stand-alone database opened in 2012 and has been replaced by the C&L Inventory in ECHA CHEM.,https://echa.europa.eu/web/guest/view-article/-/journal_content/07005f81-abf1-4081-973b-6c7c526c39df,release
echemportal,OECD eChemPortal,OECD eChemPortal,,,2007,2007-06-13,Application (regulatory),Made by regulators,Application (Regulatory Use),Database: knowledgebase,Database,Toxicology,Regulator,False,regulatory toxicology,True,https://doi.org/10.25504/FAIRsharing.25fbf6,https://www.echemportal.org/echemportal/,OECD,active,"OECD global portal that searches many national, regional and international government chemical databases at once. It returns physicochemical, fate, ecotoxicity and toxicity data, hazard and risk assessments and GHS classifications, with direct links to the source records.",https://www.echemportal.org/echemportal/content/news,release
ecotox,ECOTOXicology Knowledgebase,ECOTOXicology Knowledgebase,,ECOTOX,1996,1996,Tools & Integration,Made by regulators,Data Integration,Database: knowledgebase,Database,Toxicology,Regulator,False,eco-toxicology; regulatory toxicology,True,https://doi.org/10.25504/FAIRsharing.4b2234,https://cfpub.epa.gov/ecotox/,US EPA,active,"US EPA knowledgebase of curated single-chemical toxicity test results for aquatic organisms, terrestrial plants and wildlife, taken from the literature and coded with controlled vocabularies. Its searchable, downloadable records, linked to other chemical resources, support ecological risk assessment, water-quality criteria and model development.",https://ntrl.ntis.gov/NTRL/dashboard/searchResults/titleDetail/PB97500318.xhtml,release
ectothes,Ecotoxicology thesaurus,Ecotoxicology thesaurus,,,2017,2017-11-21,Tools & Integration,Made by in silico research,Data Integration,Standard: terminology artefact,Standard,Toxicology,In silico research,False,eco-toxicology,True,https://doi.org/10.25504/FAIRsharing.560f4e,https://loterre.istex.fr/3WV/en/,INIST-CNRS,active,"A bilingual French-English SKOS thesaurus of about 4,700 ecotoxicology concepts, published by INIST-CNRS on the Loterre platform. It covers pollutants and their effects on ecosystems and human health, as well as organisms, places and chemical compounds. It provides controlled, linkable terms with synonyms for indexing and searching ecotoxicology literature and data.",https://loterre.istex.fr/3WV/en/,release
edelweissdata,EdelweissData,EdelweissData,,Edelweissdata,2019,2019-03-09,Generic infrastructure,Generic infrastructure,,Tool,Tool,Generic,,False,in vitro toxicology,False,,https://edelweissdata.com/,Edelweiss Connect,active,"A data management and publishing platform from Edelweiss Connect that ingests, annotates, harmonises and versions tabular datasets and serves them through a web interface and a query API. Its public instance hosts toxicology-related datasets, including in vitro and QSAR data.",https://web.archive.org/web/20190718024857/https://www.edelweissconnect.com/blog/edelweissdata,release
efsa_fairmem,EFSA statement on the interpretation of FAIR principles for mechanistic effect models in the regulatory environmental risk assessment of pesticides,EFSA FAIR statement,EFSA FAIR statement,EFSA FAIR statement; EFSA FAIR statement for mechanistic effect models,2025,2025-10-29,Application (regulatory),Made jointly,Application (Regulatory Use),Policy: institution,Policy,Toxicology,In silico research; Regulator,False,eco-toxicology; computational and predictive toxicology; regulatory toxicology,False,,https://doi.org/10.2903/j.efsa.2025.9741,EFSA,active,"This EFSA statement interprets the FAIR principles for mechanistic effect models used in the environmental risk assessment of pesticides. It covers the underlying data, the model code and the model assessment, lists supporting resources, and gives recommendations for putting the principles into practice.",https://web.archive.org/web/20251113112641/https://www.efsa.europa.eu/en/efsajournal/pub/9741,adoption
elixir_depdb,ELIXIR Deposition Databases,ELIXIR Deposition Databases,,ELIXIR deposition databases,2017,2017-07,Life Sciences infrastructure,Life Sciences infrastructure,,Collection,Collection,Life Sciences,,False,,False,,https://elixir-europe.org/platforms/data/elixir-deposition-databases,ELIXIR,active,"ELIXIR's list of recommended repositories for depositing experimental life-science data, chosen against technical-quality and governance criteria in line with the FAIR principles. It points researchers, funders and publishers to suitable archives (e.g. ENA, ArrayExpress/BioStudies, PRIDE, MetaboLights, BioModels) for publishing open data.",https://web.archive.org/web/20170725133703/https://www.elixir-europe.org/platforms/data/elixir-deposition-databases,adoption
enm_db,eNanoMapper database,eNanoMapper database,,,2014,2014-11,Data Generation,Made by in silico research,Data Generation,Database: repository,Database,Toxicology,In silico research,False,nanotoxicology,False,https://doi.org/10.25504/FAIRsharing.r18yt0,https://data.enanomapper.net,eNanoMapper consortium (Ideaconsult),active,"A public database, built by Ideaconsult on its AMBIT software within the eNanoMapper project, that holds nanomaterial characterisation data together with biological and toxicological study results. Data can be uploaded via configurable spreadsheet templates, searched, and downloaded in several standard formats through a web interface and REST API.",https://doi.org/10.1109/BIBM.2014.6999367,publication
enm_ont,eNanoMapper ontology,eNanoMapper ontology,,,2014,2014,Data Generation,Made by in silico research,Data Generation,Standard: terminology artefact,Standard,Toxicology,In silico research,False,nanotoxicology,False,https://doi.org/10.25504/FAIRsharing.2gpf81,https://github.com/enanomapper/ontologies,"eNanoMapper consortium (EMBL-EBI, Maastricht University)",active,"An OWL ontology for nanomaterial safety that assembles slimmed modules from existing ontologies such as ChEBI, NPO, BAO and OBI and adds nano-specific classes. It supplies the shared vocabulary for annotating nanomaterials, their characterisation and toxicity assays in eNanoMapper-based databases.",https://github.com/enanomapper/ontologies/tree/v0.1,release
ensembl,Ensembl,Ensembl,,,2000,2000-07,Life Sciences infrastructure,Life Sciences infrastructure,,Database: repository,Database,Life Sciences,,False,toxicogenomics,True,https://doi.org/10.25504/FAIRsharing.fx0mw7,https://www.ensembl.org/,EMBL-EBI and Wellcome Sanger Institute,active,"Genome database and browser that produces and distributes reference genome assemblies, gene and transcript annotation with stable identifiers, comparative genomics, variation and regulatory data for vertebrates and other eukaryotes, through the web, APIs and bulk downloads. Toxicology uses it to map, identify and annotate genes in omics data.",https://web.archive.org/web/20150109165257/http://www.ensembl.org/info/about/index.html,release
envo,Environment Ontology,Environment Ontology,ENVO,ENVO,2007,2007,Life Sciences infrastructure,Life Sciences infrastructure,,Standard: terminology artefact,Standard,Life Sciences,,False,exposome; eco-toxicology,True,https://doi.org/10.25504/FAIRsharing.azqskx,http://environmentontology.org/,EnvO Consortium (from the Genomic Standards Consortium),active,"An OBO Foundry ontology of environments: biomes, environmental features and systems, environmental materials and processes. Its terms annotate where organisms and samples come from, so environmental metadata can be integrated and searched across databases.",https://doi.org/10.1038/nbt1346,release
epa_aquatic_life_benchmarks,EPA Aquatic Life Benchmarks,EPA Aquatic Life Benchmarks,,,2008,2008,Application (regulatory),Made by regulators,Application (Regulatory Use),Database: knowledgebase,Database,Toxicology,Regulator,False,eco-toxicology; regulatory toxicology,True,https://doi.org/10.25504/FAIRsharing.eca652,https://www.epa.gov/pesticide-science-and-assessing-pesticide-risks/aquatic-life-benchmarks-and-ecological-risk#benchmarks,US EPA (Office of Pesticide Programs),active,"Table from EPA's Office of Pesticide Programs giving freshwater toxicity benchmarks for registered pesticides and their degradates: acute and chronic values for fish, invertebrates and plants. Each value links to the EPA risk assessment it comes from, with Office of Water criteria shown where they exist. States, tribes and others use it to interpret pesticide levels measured in water and to decide which sites to follow up.",http://web.archive.org/web/20080116111035/http://www.epa.gov/oppefed1/ecorisk_ders/aquatic_life_benchmark.htm,release
epa_chemview,EPA ChemView,EPA ChemView,,,2013,2013,Application (regulatory),Made by regulators,Application (Regulatory Use),Database: repository,Database,Toxicology,Regulator,False,regulatory toxicology,True,https://doi.org/10.25504/FAIRsharing.4a5271,https://chemview.epa.gov/chemview/,US EPA (Office of Chemical Safety and Pollution Prevention),active,"US EPA web database that brings together, per chemical, health and safety data submitted under the Toxic Substances Control Act and EPA's own assessments and regulatory actions (such as significant new use rules), with summary templates, links to source documents and export. It makes non-confidential TSCA chemical information findable and reusable.",https://web.archive.org/web/20130912141247/http://java.epa.gov/chemview,release
epa_integrated_risk_information,EPA Integrated Risk Information System,EPA IRIS,EPA IRIS,EPA IRIS,1988,1988,Application (regulatory),Made by regulators,Application (Regulatory Use),Database: knowledgebase,Database,Toxicology,Regulator,False,regulatory toxicology,True,https://doi.org/10.25504/FAIRsharing.e1124d,https://www.epa.gov/iris,US EPA,active,"US EPA programme and database of chemical health hazard assessments. Each assessment has a peer-reviewed toxicological review and toxicity values such as oral reference doses, inhalation reference concentrations and cancer slope factors or unit risks. It gives agencies and others a consistent, citable source of human-health toxicity values for risk assessment.",https://www.epa.gov/system/files/other-files/2022-02/iris-timeline-11-2020_update.json,release
epa_substance_registry_services,EPA Substance Registry Services,EPA Substance Registry Services,,,2001,2001,Application (regulatory),Made by regulators,Application (Regulatory Use),Database: knowledgebase,Database,Toxicology,Regulator,False,regulatory toxicology,True,https://doi.org/10.25504/FAIRsharing.d4074e,https://cdxapps.epa.gov/oms-substance-registry-services/search,US EPA,active,"EPA's central registry of the chemicals, biological organisms and other substances that EPA tracks or regulates. Each substance gets an EPA identifier with its names, synonyms and CAS number, and links to the EPA programmes, lists and regulations that cover it, so substances are identified the same way across EPA data systems.",http://web.archive.org/web/20010502191556/http://www.epa.gov:80/srs/index.htm,release
epicrdb,Chromium Epigenomics Toxicology,EpiCrDB,EpiCrDB,EpiCrDB,2020,2020,Data Generation,Made jointly,Data Generation,Database: repository,Database,Toxicology,Wet-lab research; In silico research,False,in vitro toxicology; toxicogenomics,True,https://fairsharing.org/2973,http://eh4.uc.edu/chromium/,University of Cincinnati (Puga laboratory),discontinued,"Small University of Cincinnati web portal giving FAIR access to epigenomics datasets (ChIP-seq, ATAC-seq, MNase-seq, FAIRE) on how hexavalent chromium disturbs chromatin organisation. It adds curated chemical, cell, antibody and treatment metadata, with links to GEO, BioProject and PubMed.",https://fairsharing.org/2973,FAIRsharing year
etransafe_repro,"eTRANSAFE guidelines for research reproducibility, FAIR data sharing and model verification",eTRANSAFE guidelines for research…,,eTRANSAFE research reproducibility guidelines; eTRANSAFE: Building a sustainable framework to share reproducible drug safety knowledge with the public domain,2022,2022-03-07,Tools & Integration,Made by in silico research,Data Integration,Policy: project,Policy,Toxicology,In silico research,False,computational and predictive toxicology; regulatory toxicology,False,,https://doi.org/10.12688/f1000research.74024.1,eTRANSAFE consortium (IMI2),discontinued,"Guidelines from the IMI2 eTRANSAFE project on research reproducibility in drug safety, made up of FAIR data-sharing guidelines and guidelines for verifying predictive models. They describe how public and proprietary preclinical and clinical safety data and models should be managed and shared so results can be reproduced and reused.",https://doi.org/10.12688/f1000research.74024.1,publication
euon,European Union Observatory for Nanomaterials,EUON,EUON,EUON,2017,2017-06-14,Application (regulatory),Made by regulators,Application (Regulatory Use),Database: knowledgebase,Database,Toxicology,Regulator,False,nanotoxicology; regulatory toxicology,True,https://doi.org/10.25504/FAIRsharing.b5c52c,https://euon.echa.europa.eu/,ECHA (for the European Commission),active,"Observatory website hosted by ECHA that gives neutral public information, in all EU languages, on nanomaterials on the EU market: their uses, safety, regulation and research. It links to searchable nanomaterial data such as registered nanoforms and related databases and studies.",https://echa.europa.eu/-/eu-observatory-for-nanomaterials-launched,release
eutr_ki,EU-ToxRisk Knowledge Portal (knowledge infrastructure),EU-ToxRisk Knowledge Portal,,EU-ToxRisk Knowledge Portal; EU-ToxRisk KI; modular knowledge infrastructure,2020,2020-07-06,Data Generation,Made jointly,Data Generation,Database: knowledgebase and repository,Database,Toxicology,Wet-lab research; In silico research,False,in vitro toxicology,False,,https://doi.org/10.1016/j.tiv.2024.105903,EU-ToxRisk consortium (Edelweiss Connect),unknown,"The data and knowledge management infrastructure of the EU-ToxRisk project. It combines a common data and metadata format, a methods database documenting test protocols, data archiving, an API for access to individual data points, analysis notebooks and a knowledge portal. It was built to make in vitro new approach method data from many laboratories documented, shareable and reusable for risk assessment.",https://doi.org/10.1007/s00204-020-02802-6,publication
exo,Exposure Ontology,Exposure Ontology,ExO,ExO,2011,2011,Tools & Integration,Made jointly,Data Integration,Standard: terminology artefact,Standard,Toxicology,In silico research; Regulator,False,exposome,True,https://doi.org/10.25504/FAIRsharing.6hna78,https://github.com/CTDbase/exposure-ontology,CTD team (NC State University) and US EPA,active,"An exposure-science ontology built on four core concepts: exposure stressor, exposure receptor, exposure event and exposure outcome. It was developed with the Comparative Toxicogenomics Database and gives shared terms for capturing exposure data and linking them to toxicology, epidemiology and health data.",http://web.archive.org/web/20120205103448/http://ctdbase.org/reports/CTD_exposure_ontology.obo,release
expexplorer,Exposome Explorer,Exposome Explorer,,,2016,2016-10-24,Tools & Integration,Made jointly,Data Integration,Database: knowledgebase,Database,Toxicology,In silico research; Regulator,False,exposome,True,https://doi.org/10.25504/FAIRsharing.fbbcf8,https://exposome-explorer.iarc.fr/,IARC (WHO),active,"Manually curated IARC database of biomarkers of exposure to dietary and environmental risk factors. It records measured concentrations in human biospecimens, the study populations and analytical methods, correlations with external exposure measures, and reproducibility over time. Researchers use it to choose and compare exposure biomarkers for exposome and epidemiological studies.",https://doi.org/10.1093/nar/gkw980,publication
fairaop,Reference AOP FAIR Implementation Profile,Reference AOP FIP,Reference AOP FIP,Reference AOP FIP; aopfip,2025,2025-07-14,Tools & Integration,Made jointly,Data Integration,Collection,Collection,Toxicology,In silico research; Regulator,True,AOP-based mechanistic knowledge,False,,https://w3id.org/np/RAQMnw2u-ZG_zVkVIzEdtYn3o4tYqyhsnOhiWaMLG01Bc,"FAIR-AOPs community (GO FAIR Foundation, EC JRC, US EPA)",active,"This is the reference FAIR Implementation Profile for adverse outcome pathways. It records which FAIR-enabling resources (identifiers, vocabularies, formats, repositories, licences) the FAIR-AOPs community recommends for each FAIR principle, published as machine-readable nanopublications through the FIP Wizard.",https://w3id.org/np/RAQMnw2u-ZG_zVkVIzEdtYn3o4tYqyhsnOhiWaMLG01Bc,release
fairconnect,FAIR Connect,FAIR Connect,,FAIR connect,2022,2022,Generic infrastructure,Generic infrastructure,,Tool,Tool,Generic,,False,,False,,https://fairconnect.pro,"GO FAIR Foundation and IOS Press (now Sage), with CODATA, DTL and Health-RI",unknown,"An open-access platform for FAIR data stewardship where FAIR-supporting resources, FAIR Implementation Profiles and community good practices are published, searched and discussed. It links the human-readable descriptions in the FAIR Connect journal to their machine-readable nanopublications and offers a search engine and dashboard over them.",https://web.archive.org/web/20221025092955/https://fairconnect.pro/,release
fairsharing,FAIRsharing,FAIRsharing,,FAIRsharing registry,2011,2011,Generic infrastructure,Generic infrastructure,,Database: knowledgebase and repository,Database,Generic,,False,,False,https://doi.org/10.25504/FAIRsharing.2abjs5,https://fairsharing.org,University of Oxford (FAIRsharing team),active,"A curated registry covering all disciplines that lists data and metadata standards, databases and repositories, data policies and collections. The records link to each other and each carries a DOI. It helps researchers, publishers and funders find, choose and cite suitable standards and repositories, and it gives FAIR assessment tools machine-readable descriptions of these resources.",https://doi.org/10.1093/database/baw075,release
fip_wizard,FIP Wizard,FIP Wizard,,FIP wizard,2020,2020,Generic infrastructure,Generic infrastructure,,Tool,Tool,Generic,,False,AOP-based mechanistic knowledge,False,,https://fip.fair-wizard.com,GO FAIR Foundation / Data Stewardship Wizard team (CTU Prague),active,"A web application built on the Data Stewardship Wizard that guides a community through the FIP questionnaire to declare its FAIR implementation choices for each principle. It publishes the resulting FAIR Implementation Profiles, and any newly declared FAIR-enabling resources, as machine-actionable nanopublications.",https://github.com/go-fair-ins/GO-FAIR-Ontology/commit/35c43ef788f5cef6f35afbb4f4e4de99d0743ea4,release
fipmatrix,FIP Matrix tool,FIP Matrix tool,FIP convergence matrix,FIP convergence matrix; FAIR Convergence Matrix,2019,2019-01,Generic infrastructure,Generic infrastructure,,Tool,Tool,Generic,,False,,False,,https://doi.org/10.1162/dint_a_00038,GO FAIR,discontinued,"The GO FAIR FAIR Convergence Matrix: an online questionnaire platform in which communities of practice record, principle by principle, the standards, vocabularies and services they use to implement FAIR. The answers form their FAIR Implementation Profiles. Combining these choices shows where communities converge, so others can reuse proven FAIR implementation options.",http://web.archive.org/web/20240425011817/https://www.go-fair.org/today/FAIR-matrix/,release
fipwiz,FAIR Implementation Profile (FIP),FIP,,FIP; FIPs; domain specific FIPs,2020,2020,Generic infrastructure,Generic infrastructure,,Standard: model/format,Standard,Generic,,False,,False,,https://www.go-fair.org/how-to-go-fair/fair-implementation-profile/,GO FAIR Foundation,active,"A FAIR Implementation Profile lists, principle by principle, the FAIR-enabling resources (standards, vocabularies, identifier schemes, repositories, licences) that a community of practice has chosen. FIPs are published as machine-actionable nanopublications, so communities can document, compare and reuse each other's choices and move towards interoperable solutions.",https://web.archive.org/web/20200811221637/https://www.go-fair.org/how-to-go-fair/fair-implementation-profile/,release
food_and_feed_information_portal,Food and Feed Information Portal Database,Food and Feed Information Portal…,,,2022,2022,Application (regulatory),Made by regulators,Application (Regulatory Use),Database: knowledgebase,Database,Toxicology,Regulator,False,regulatory toxicology,True,https://doi.org/10.25504/FAIRsharing.c7bb32,https://ec.europa.eu/food/food-feed-portal/screen/home,European Commission (DG SANTE),active,"European Commission portal that brings together EU databases on authorised food and feed substances and products. It covers food additives, enzymes, flavourings and smoke flavourings, feed additives, food contact materials, novel foods, GMOs and health claims, with their authorisation status and conditions of use.",http://web.archive.org/web/20221220225012/https://ec.europa.eu/food/food-feed-portal/,release
fuji,F-UJI,F-UJI,,F-UJI automated FAIR assessment tool; FUIJ,2020,2020-10-02,Generic infrastructure,Generic infrastructure,,Tool,Tool,Generic,,False,,False,,https://www.f-uji.net,PANGAEA (FAIRsFAIR),active,"An open-source web service and API that automatically assesses how FAIR a published dataset is, starting from its persistent identifier and applying the FAIRsFAIR data object assessment metrics. It reports scores and test results for each FAIR principle, which repositories and data producers can use to improve their metadata.",https://doi.org/10.5281/zenodo.4063720,release
gd211,OECD Guidance Document 211 (describing non-guideline in vitro test methods),OECD Guidance Document 211,,OECD Guidance Document 211; GD 211,2014,2014,Data Generation,Made by regulators,Data Generation,Standard: reporting guideline,Standard,Toxicology,Regulator,False,in vitro toxicology; regulatory toxicology,False,,https://www.oecd.org/en/publications/guidance-document-for-describing-non-guideline-in-vitro-test-methods_9789264274730-en.html,OECD,active,"OECD guidance with a harmonised template for describing non-guideline in vitro test methods, covering the test system, procedure, data interpretation and performance. It makes method metadata complete and consistent, so regulators can judge whether data from such methods can be used in assessments.",https://one.oecd.org/document/ENV/JM/MONO(2014)35/en/pdf,adoption
gd417,"OECD Guidance Document on the Generation, Reporting and Use of Research Data for Regulatory Assessments",OECD research data guidance,OECD research data guidance,OECD research data guidance; OECD Guidance Document on research data,2025,2025-12-03,Application (regulatory),Made by regulators,Application (Regulatory Use),Policy: institution,Policy,Toxicology,Regulator,False,regulatory toxicology,False,,https://www.oecd.org/en/publications/guidance-document-on-the-generation-reporting-and-use-of-research-data-for-regulatory-assessments_8d49ec1d-en.html,OECD,active,"OECD guidance on how research data, for example from academic studies that do not follow test guidelines, should be generated, reported and evaluated so they can be used in regulatory chemical assessments. It sets expectations for documentation and data availability that make such data reusable by regulators.",https://doi.org/10.1787/8d49ec1d-en,adoption
geo,Gene Expression Omnibus (GEO),GEO,,GEO,2000,2000-07-25,Life Sciences infrastructure,Life Sciences infrastructure,,Database: repository,Database,Life Sciences,,False,toxicogenomics,False,https://doi.org/10.25504/FAIRsharing.5hc8vt,https://www.ncbi.nlm.nih.gov/geo/,NCBI,active,"NCBI's public archive for high-throughput functional genomics data, mostly microarray and sequencing-based gene expression studies. It stores raw and processed data with MIAME-oriented descriptions under stable accessions, so toxicogenomics datasets can be retrieved and reanalysed.",https://web.archive.org/web/20000815073701/http://www.ncbi.nlm.nih.gov/geo/info/news.cgi,release
ghs_j,NITE Japan-GHS,NITE Japan-GHS,GHS-J,GHS-J,2020,2020-12-14,Application (regulatory),Made by regulators,Application (Regulatory Use),Database: repository,Database,Toxicology,Regulator,False,regulatory toxicology,True,https://doi.org/10.25504/FAIRsharing.c8f1cd,https://www.chem-info.nite.go.jp/chem/english/ghs/ghs_nite_download_e.html,"NITE (National Institute of Technology and Evaluation, Japan)",active,"NITE's consolidated database of the Japanese Government's GHS hazard classifications. For each substance it gives only the latest classification, with hazard categories, label elements and the rationale, as web pages and downloadable Excel lists in Japanese and English. It supports GHS labels and safety data sheets and the reuse of authoritative hazard classifications.",https://www.chem-info.nite.go.jp/chem/ghs/ghs_nite_info_old.html,release
go,Gene Ontology (GO),Gene Ontology (GO),Gene Ontology terms,Gene Ontology terms,1999,1999,Life Sciences infrastructure,Life Sciences infrastructure,,Standard: terminology artefact,Standard,Life Sciences,,False,computational and predictive toxicology,False,https://doi.org/10.25504/FAIRsharing.6xq0ee,https://geneontology.org,Gene Ontology Consortium,active,"The Gene Ontology (GO) is a structured vocabulary, independent of species, of molecular functions, biological processes and cellular components, used to annotate genes and gene products. It enables consistent functional annotation and enrichment analysis across organisms and databases.",https://doi.org/10.1093/nar/28.1.77,release
hgnc,HGNC gene symbols,HGNC gene symbols,,HGNC; HUGO Gene Nomenclature Committee,1979,1979,Life Sciences infrastructure,Life Sciences infrastructure,,Standard: terminology artefact,Standard,Life Sciences,,False,AOP-based mechanistic knowledge,False,https://doi.org/10.25504/FAIRsharing.amcv1e,https://www.genenames.org,HUGO Gene Nomenclature Committee,active,"The approved symbols, names and stable identifiers that the HUGO Gene Nomenclature Committee assigns to human genes, served through genenames.org. They give each gene one unambiguous label across publications and databases, which is needed to link gene-level toxicology knowledge, such as AOP key events, to other resources.",https://doi.org/10.1159/000131404,publication
icscs,ILO-WHO International Chemical Safety Cards,ICSCs,ICSCs,ICSCs,1989,1989,Application (regulatory),Made by regulators,Application (Regulatory Use),Database: knowledgebase,Database,Toxicology,Regulator,False,regulatory toxicology,True,https://doi.org/10.25504/FAIRsharing.d6e8fa,https://www.ilo.org/resource/other/ilo-who-international-chemical-safety-cards-icscs,"ILO and WHO (IPCS), with the European Commission",active,"Collection of standardised, peer-reviewed data sheets on chemicals, written in standard phrases. Each card gives identity, physical and chemical properties, health and environmental hazards, exposure limits, classification and protective measures; more than 1,700 cards exist in many languages. They give workplaces concise hazard information and can be searched in the ILO ICSC database.",https://pubmed.ncbi.nlm.nih.gov/2489435/,release
identifiersorg,Identifiers.org,Identifiers.org,,Identifiers.org resolvable identifiers,2011,2011-07,Life Sciences infrastructure,Life Sciences infrastructure,,Standard: identifier schema,Standard,Life Sciences,,False,computational and predictive toxicology,False,https://doi.org/10.25504/FAIRsharing.2b0d92,https://identifiers.org,EMBL-EBI,active,"Identifiers.org is an EMBL-EBI registry and resolver that gives life-science data collections a namespace prefix and resolves compact identifiers (prefix:accession) and identifiers.org URIs to the matching data record. It makes references to data stable, globally unique and resolvable, which supports the annotation of models and datasets.",https://web.archive.org/web/20120727025443/http://identifiers.org/news,release
igs,IGS - Public Informationssystem für gefährliche Stoffe,IGS,,IGS,2000,2000,Application (regulatory),Made by regulators,Application (Regulatory Use),Database: repository,Database,Toxicology,Regulator,False,regulatory toxicology,True,https://doi.org/10.25504/FAIRsharing.801285,https://igsvtu.lanuk.nrw.de/en/home/,"LANUK NRW (formerly LANUV / Landesumweltamt NRW), Germany",active,"Public substance information system of the North Rhine-Westphalia environment agency. For each chemical or microbiological substance it compiles regulatory information from German, EU, Swiss, US and other legislation, together with physical-chemical, toxicological and emergency-response data. The public, authorities and emergency services use it to look up the legal status and hazards of substances.",https://web.archive.org/web/20000916034110/http://www.lua.nrw.de/igsstat/startigs.htm,release
inchi,InChI (IUPAC International Chemical Identifier),InChIs,InChIs,InChIs; International Chemical Identifier,2005,2005-04,Life Sciences infrastructure,Life Sciences infrastructure,,Standard: identifier schema,Standard,Life Sciences,,False,,False,https://doi.org/10.25504/FAIRsharing.ddk9t9,https://www.inchi-trust.org,IUPAC / NIST / InChI Trust,active,"The IUPAC International Chemical Identifier (InChI) is an open algorithm and text string that encodes a chemical structure in a canonical, layered form; the hashed InChIKey is a fixed-length version for searching. It gives chemical substances a unique, machine-readable identifier, so chemical records can be linked and deduplicated across databases.",https://web.archive.org/web/20051013062429/http://www.iupac.org/projects/2000/2000-025-1-800.html,release
inhand,International Harmonization of Nomenclature and Diagnostic criteria,INHAND,INHAND,INHAND,2009,2009-12,Data Generation,Made by wet-lab research,Data Generation,Standard: terminology artefact,Standard,Toxicology,Wet-lab research,False,regulatory toxicology,True,https://doi.org/10.25504/FAIRsharing.9gqfpm,https://www.goreni.org/,"STP, ESTP, BSTP and JSTP (INHAND initiative)",active,"An internationally harmonised nomenclature, with diagnostic criteria, for proliferative and non-proliferative lesions in laboratory animals. The toxicologic pathology societies publish it one organ system at a time, and it is maintained on the goRENI platform. It standardises how histopathology findings in non-clinical safety studies are recorded and supports the controlled terminology used for regulatory data exchange (SEND).",https://doi.org/10.1177/0192623309353423,publication
intob,Integrated Effect Database for Toxicological Observations (INTOB),INTOB,,INTOB,2024,2024-10-15,Data Generation,Made jointly,Data Generation,Tool,Tool,Toxicology,Wet-lab research; In silico research,False,in vitro toxicology; eco-toxicology,False,,https://intob.app,UFZ Helmholtz Centre for Environmental Research (marketed by GREENBAY Software GmbH),active,"INTOB is a cloud-based data management application with an integrated database and a controlled vocabulary of effects. It records phenotypic observations and metadata from organism-level toxicity tests, mainly the zebrafish embryo acute toxicity test, so that results can be compared and reanalysed across studies.",https://doi.org/10.1101/2024.10.11.617795,publication
ipchem,Information Platform for Chemical Monitoring,IPCHEM,IPCHEM,IPCHEM,2015,2015,Tools & Integration,Made by regulators,Data Integration,Database: repository,Database,Toxicology,Regulator,False,exposome; regulatory toxicology,True,https://doi.org/10.25504/FAIRsharing.667115,https://ipchem.jrc.ec.europa.eu/,European Commission Joint Research Centre (JRC),active,"European Commission platform, hosted by the JRC, for finding and accessing chemical monitoring data collections in four modules: environment, human biomonitoring, food and feed, and products and indoor air. Data come from EU bodies, Member States, international organisations and research projects. It harmonises and quality-checks occurrence data and offers one access point for exposure and risk assessment.",https://web.archive.org/web/20151219144109/https://ipchem.jrc.ec.europa.eu/RDSIdiscovery/ipchem/index.html,release
ipcs_inchem,Internationally Peer Reviewed Chemical Safety Information,IPCS INCHEM,IPCS INCHEM,IPCS INCHEM,1997,1997,Application (regulatory),Made by regulators,Application (Regulatory Use),Database: knowledgebase,Database,Toxicology,Regulator,False,regulatory toxicology,True,https://doi.org/10.25504/FAIRsharing.fc4807,https://www.inchem.org/,WHO IPCS and CCOHS,active,"Free portal from WHO's International Programme on Chemical Safety and the Canadian Centre for Occupational Health and Safety. It gives searchable full-text access to internationally peer-reviewed chemical safety documents, including EHC monographs, CICADs, JECFA and JMPR evaluations, IARC summaries, ICSCs and poisons information monographs.",http://web.archive.org/web/19970511011327/http://www.ccohs.ca:80/ccohs/releases/inchem.html,release
isajson,ISA-JSON,ISA-JSON,,ISA JSON,2016,2016-02-29,Life Sciences infrastructure,Life Sciences infrastructure,,Standard: model/format,Standard,Life Sciences,,False,in vitro toxicology,False,https://doi.org/10.25504/FAIRsharing.yhLgTV,https://isa-specs.readthedocs.io/en/latest/isajson.html,"ISA team, University of Oxford",active,"ISA-JSON is the JSON serialisation of the ISA (Investigation-Study-Assay) metadata model, defined by JSON schemas and implemented in the ISA-API. It records study design, sample provenance, protocols and data files in machine-actionable form, so metadata can be validated, converted and submitted to repositories.",https://github.com/ISA-tools/isa-api/releases/tag/v0.1,release
isatab,ISA framework (Investigation-Study-Assay; ISA-Tab),ISA,,ISA; Investigation–Study–Assay; ISA-Tab; ISA-TAB,2008,2008,Life Sciences infrastructure,Life Sciences infrastructure,,Standard: model/format,Standard,Life Sciences,,False,in vitro toxicology; nanotoxicology; exposome; toxicogenomics,False,https://doi.org/10.25504/FAIRsharing.53gp75,https://isa-tools.org,"ISA team (EMBL-EBI, later University of Oxford)",active,"The ISA framework is a general Investigation-Study-Assay metadata model, with ISA-Tab as its tab-delimited format and a set of supporting tools, for describing multi-omics and other life-science experiments. It records study design, sample characteristics, protocols and data files, so experimental metadata can be reported consistently, validated and reused.",https://doi.org/10.1089/omi.2008.0019,publication
iuclid,IUCLID (International Uniform Chemical Information Database),IUCLID,,IUCLID,1993,1993,Application (regulatory),Made by regulators,Application (Regulatory Use),Tool,Tool,Toxicology,Regulator,False,regulatory toxicology,False,,https://iuclid6.echa.europa.eu,European Commission JRC (ECB); since 2008 ECHA with OECD,active,"IUCLID is free software for recording, storing, maintaining and exchanging data on the intrinsic and hazard properties of chemical substances. It implements the OECD Harmonised Templates and is the required format for dossiers under REACH, the Biocidal Products Regulation and other regulatory programmes.",https://web.archive.org/web/20090913001123/http://iuclid.eu/index.php?fuseaction=home.development,release
iupac_immunotox,IUPAC Glossary of terms used in immunotoxicology (IUPAC Recommendations 2012),IUPAC immunotox glossary,IUPAC immunotox glossary,IUPAC immunotox glossary,2012,2012-02-16,Data Generation,Made by wet-lab research,Data Generation,Standard: terminology artefact,Standard,Toxicology,Wet-lab research,False,,False,,https://doi.org/10.1351/pac-rec-11-06-03,IUPAC,active,"An IUPAC Recommendation that gives agreed definitions, with explanatory notes, for terms used in immunotoxicology. It supports consistent terminology when immunotoxicity data are reported and interpreted.",https://doi.org/10.1351/pac-rec-11-06-03,publication
iupac_toxgloss,"IUPAC Glossary of terms used in toxicology, 2nd edition (IUPAC Recommendations 2007)",IUPAC toxicology glossary,IUPAC toxicology glossary,IUPAC toxicology glossary; Glossary Of Terms Used In Toxicology,2007,2007-07,Data Generation,Made by wet-lab research,Data Generation,Standard: terminology artefact,Standard,Toxicology,Wet-lab research,False,,False,,https://doi.org/10.1351/pac200779071153,IUPAC,active,"The second edition of IUPAC's glossary of toxicology, giving recommended definitions for terms used in toxicology and chemical risk assessment. It serves as a common reference vocabulary for consistent use of toxicological terms in data and publications.",https://doi.org/10.1351/pac200779071153,publication
j_check,Japan Chemicals Collaborative Knowledge database,J-CHECK,J-CHECK,J-CHECK,2008,2008,Application (regulatory),Made by regulators,Application (Regulatory Use),Database: knowledgebase,Database,Toxicology,Regulator,False,eco-toxicology; regulatory toxicology,True,https://doi.org/10.25504/FAIRsharing.39044c,https://www.nite.go.jp/chem/jcheck/top.action?request_locale=en,"NITE with MHLW, METI and MOE (Japan)",active,"Japanese government database on substances covered by the Chemical Substances Control Law (CSCL). It gives the official substance lists and classes; test results on biodegradation, bioaccumulation, ecotoxicity and human toxicity from the existing-chemicals survey and the Japan Challenge Program; and risk assessment outcomes, in Japanese and English. It is linked to the OECD eChemPortal.",http://web.archive.org/web/20080607012424/http://www.safe.nite.go.jp:80/jcheck/pages/jsp/index.jsp,release
jecdb,Japan Existing Chemical Database,JECDB,JECDB,JECDB,1998,1998,Application (regulatory),Made by regulators,Application (Regulatory Use),Database: knowledgebase,Database,Toxicology,Regulator,False,regulatory toxicology,True,https://doi.org/10.25504/FAIRsharing.3b78e1,https://dra4.nihs.go.jp/mhlw_data/jsp/SearchPageENG.jsp,"NIHS (MHLW), Japan",active,"Japanese database of toxicity test reports on existing chemicals tested in Japan's safety programme and in the OECD HPV programme, covering acute, repeated-dose, reproductive and developmental, genotoxicity and other tests. It gives English summaries, full reports in Japanese and IUCLID export files.",http://web.archive.org/web/19981202050410/http://wwwdb.mhw.go.jp:80/ginc/cgi-bin/db1_ls2.pl,release
mars,MARS (Multi-omics Adapter for Repository Submissions),MARS,,MARS,2023,2023,Life Sciences infrastructure,Life Sciences infrastructure,,Tool,Tool,Life Sciences,,False,in vitro toxicology; toxicogenomics,False,,https://elixir-europe.github.io/MARS/,ELIXIR (BioHackathon Europe; ELIXIR Data Platform),in development,"MARS (Multi-omics Adapter for Repository Submissions) is an ELIXIR framework, with a command-line tool and repository adapters, for submitting a multi-omics study described in ISA-JSON to several public repositories (BioSamples, ENA, MetaboLights) in one go. It aims to keep metadata and accession numbers consistent across those repositories.",https://github.com/elixir-europe/MARS/commits/main,release
mdl_molfile_format,MDL Molfile Format,MDL Molfile Format,,,1992,1992-05,Life Sciences infrastructure,Life Sciences infrastructure,,Standard: model/format,Standard,Life Sciences,,False,computational and predictive toxicology,True,https://doi.org/10.25504/FAIRsharing.hxvt6c,https://discover.3ds.com/sites/default/files/2020-08/biovia_ctfileformats_2020.pdf,MDL Information Systems (now Dassault Systemes BIOVIA),active,"A plain-text chemical file format from the CTfile family first published by MDL. It stores a molecule's atoms, bonds and coordinates as a connection table with optional property blocks (V2000 and V3000). Almost all cheminformatics software reads it, so it is a standard way to exchange structures, for example as input to QSAR and read-across tools.",https://doi.org/10.1021/ci00007a012,publication
miame,MIAME (Minimum Information About a Microarray Experiment),MIAME,,MIAME; MIAMI,2000,2000-11-17,Life Sciences infrastructure,Life Sciences infrastructure,,Standard: reporting guideline,Standard,Life Sciences,,False,toxicogenomics,False,https://doi.org/10.25504/FAIRsharing.32b10v,https://www.fged.org/projects/miame/,FGED (MGED) Society,discontinued,"MIAME is a reporting guideline that lists the minimum information needed to interpret and reproduce a microarray experiment: raw and processed data, sample annotation, experimental design, array design and protocols. It underlies the transcriptomics submission requirements of repositories such as GEO and ArrayExpress and of many journals.",https://web.archive.org/web/20010220163059/http://www.mged.org/Annotations-wg/index.html,adoption
miametox,Minimum Information about an array-based toxicogenomics experiment,MIAME/Tox,MIAME/Tox,MIAME/Tox,2003,2003,Data Generation,Made jointly,Data Generation,Standard: reporting guideline,Standard,Toxicology,Wet-lab research; In silico research,False,toxicogenomics,True,https://doi.org/10.25504/FAIRsharing.zrmjr7,https://doi.org/10.1289/ehp.6697,ILSI HESI; EMBL-EBI; NIEHS (MGED),discontinued,"An extension of MIAME that lists what to report with array-based toxicogenomics experiments, adding toxicology study design, treatments and conventional toxicity endpoints to the microarray description. It was meant to make toxicogenomics data comparable and ready for deposition in ArrayExpress (via Tox-MIAMExpress) and CEBS. It is no longer maintained.",https://doi.org/10.1289/ehp.6497,release
miate,Minimum Information about Animal Toxicology Experiments,MIATE,MIATE,MIATE,2019,2019-11-06,Data Generation,Made by wet-lab research,Data Generation,Standard: reporting guideline,Standard,Toxicology,Wet-lab research,False,toxicogenomics,True,https://doi.org/10.25504/FAIRsharing.wYScsE,https://github.com/zacharewskilab/MIATE,Michigan State University (Zacharewski lab),active,"A community minimum-information checklist (MIATE/invivo) for the metadata of in vivo animal toxicology studies. It comes with recommended ontologies and templates for CEDAR, GEO, ISA and the Single Cell Portal. Labs can record study design and conditions in a standard form, so animal toxicology and toxicogenomics data can be found and reused.",https://github.com/zacharewskilab/MIATE/commits/master/,release
miriam,MIRIAM (Minimum Information Requested in the Annotation of biochemical Models),MIRIAM,,MIRIAM,2005,2005-12-06,Life Sciences infrastructure,Life Sciences infrastructure,,Standard: reporting guideline,Standard,Life Sciences,,False,computational and predictive toxicology,False,https://doi.org/10.25504/FAIRsharing.ap169a,https://doi.org/10.1038/nbt1156,BioModels.net / COMBINE,active,"MIRIAM is a set of minimum-information guidelines for encoding and annotating quantitative biochemical models. It requires models to be reproducible, attributed and annotated with references to external database resources, which encourages reusable, well-documented computational models (for example in BioModels).",https://doi.org/10.1038/nbt1156,publication
mitnano,Minimum Information Table for the Safety of Engineered Nanomaterials,MIT Nanosafety,MIT Nanosafety,MIT Nanosafety,2022,2022-01-05,Data Generation,Made jointly,Data Generation,Standard: reporting guideline,Standard,Toxicology,Wet-lab research; In silico research,False,nanotoxicology,True,https://doi.org/10.25504/FAIRsharing.e2b341,https://doi.org/10.1186/s12989-021-00442-x,"Leibniz institutes (INM, IUF, IfADo, IWT, FIZ Karlsruhe)",active,"A modular minimum information table that sets out what to report with experimental results on the biological effects of engineered nanomaterials. Its six modules are general information, material, biological model, exposure, endpoint read-out, and analysis and statistics. It supports structured, harmonised documentation of nanosafety studies so the data can be reused.",https://doi.org/10.1186/s12989-021-00442-x,publication
nanoaop,Nanomaterial physicochemical data integrated with AOP knowledge in RDF,nano-AOP RDF,nano-AOP RDF,nano-AOP RDF; vanrijn2024; From papers to RDF-based integration of physicochemical data and adverse outcome pathways for nanomaterials,2023,2023-06-23,Tools & Integration,Made jointly,Data Integration,Database: knowledgebase,Database,Toxicology,Wet-lab research; In silico research,False,nanotoxicology; AOP-based mechanistic knowledge,False,,https://nanosafety.rdf.bigcat-bioinformatics.org,Maastricht University (BiGCaT),active,"An RDF knowledge graph that combines literature-curated physicochemical data on nanomaterials with AOP information from the AOP-Wiki, using ontology terms and European Registry of Materials identifiers. A public SPARQL endpoint supports federated queries that relate nanomaterial properties to molecular initiating events and key events.",https://doi.org/10.5281/zenodo.8076364,release
nanocommons,NanoCommons Knowledge Base,NanoCommons Knowledge Base,NanoCommons KB,NanoCommons KB; NanoCommons datasets,2019,2019,Tools & Integration,Made by in silico research,Data Integration,Database: knowledgebase and repository,Database,Toxicology,In silico research,False,nanotoxicology,False,https://doi.org/10.25504/FAIRsharing.9e23f2,https://ssl.biomax.de/nanocommons/,NanoCommons consortium (Biomax Informatics),unknown,"A knowledge base built in the H2020 NanoCommons project on Biomax's BioXM platform. It brings together nanomaterial characterisation, exposure and (eco)toxicity data from projects and the literature, and offers harmonised, ontology-annotated access to these nanosafety data with analysis tools.",https://doi.org/10.3389/fphy.2023.1271842,release
nanopub,Nanopublication,Nanopublication,,machine-readable nanopublication,2009,2009-10-20,Generic infrastructure,Generic infrastructure,,Standard: model/format,Standard,Generic,,False,AOP-based mechanistic knowledge,False,https://doi.org/10.25504/FAIRsharing.a6dcff,https://nanopub.net,Concept Web Alliance / NBIC,active,"A nanopublication is the smallest publishable unit of information: a single assertion in RDF, packaged with named graphs that hold its provenance and publication metadata. Nanopublications get resolvable, verifiable identifiers and are spread over a decentralised server network, so machines can find, cite and reuse individual statements such as AOP or FIP declarations.",https://ceur-ws.org/Vol-523/,publication
norman_susdat,NORMAN Substance Database,NORMAN Substance Database,NORMAN SusDat,NORMAN SusDat,2017,2017,Tools & Integration,Made jointly,Data Integration,Database: repository,Database,Toxicology,Wet-lab research; In silico research,False,exposome; eco-toxicology,True,https://doi.org/10.25504/FAIRsharing.9ATgeT,https://www.norman-network.com/nds/susdat/,NORMAN Association,active,"Merged and curated database of more than 100,000 substances of environmental concern, compiled from the suspect lists contributed to the NORMAN Suspect List Exchange. It adds harmonised identifiers (CAS, SMILES, InChIKey, PubChem CID, DTXSID), MS-ready structures and predicted properties and ecotoxicity thresholds. It supports suspect and non-target screening, prioritisation and exposure assessment of emerging contaminants.",https://web.archive.org/web/20170625051616/http://www.norman-network.com/datatable/,release
obi,Ontology for Biomedical Investigations (OBI),OBI,,OBI,2006,2006,Life Sciences infrastructure,Life Sciences infrastructure,,Standard: terminology artefact,Standard,Life Sciences,,False,nanotoxicology,False,https://doi.org/10.25504/FAIRsharing.284e1z,https://obi-ontology.org,OBI Consortium,active,"The Ontology for Biomedical Investigations (OBI) is an OBO Foundry ontology of terms for describing biomedical investigations: study designs, protocols, instruments, materials, assays and data transformations. It supports consistent, machine-readable annotation of experimental metadata.",https://doi.org/10.1089/omi.2006.10.199,publication
obo,OBO Foundry ontologies,OBO Foundry ontologies,,OBO foundry ontologies; OBO Foundry,2006,2006,Life Sciences infrastructure,Life Sciences infrastructure,,Database: repository,Database,Life Sciences,,False,,False,https://doi.org/10.25504/FAIRsharing.847069,https://obofoundry.org,OBO Foundry,active,"A community registry of open, interoperable biomedical ontologies developed under shared principles such as open licences, common formats, unique identifiers and clearly bounded scope. It provides ontology metadata, persistent URLs and quality checks, so data can be annotated with reusable terms that work together across ontologies.",https://web.archive.org/web/20060502183936/http://obofoundry.org/,release
oecd_existing_chemicals_database,OECD Existing Chemicals Database,OECD Existing Chemicals Database,,,2002,2002,Application (regulatory),Made by regulators,Application (Regulatory Use),Database: knowledgebase,Database,Toxicology,Regulator,False,regulatory toxicology,True,https://doi.org/10.25504/FAIRsharing.ced127,https://hpvchemicals.oecd.org/,OECD,active,"OECD database that tracks the chemicals in the OECD Cooperative Chemicals Assessment Programme (formerly the HPV Chemicals Programme). It shows each chemical's assessment status, sponsoring countries, SIDS contacts and categories, and gives access to the published assessment profiles, reports and dossiers.",http://web.archive.org/web/20021016020615/http://cs3-hq.oecd.org:80/scripts/hpv/,release
oht,OECD Harmonised Templates (OHTs),OECD harmonized template,OECD harmonized template,OECD harmonized template; OHTs,2006,2006-03,Application (regulatory),Made by regulators,Application (Regulatory Use),Standard: model/format,Standard,Toxicology,Regulator,False,regulatory toxicology,False,,https://www.oecd.org/en/topics/sub-issues/assessment-of-chemicals/harmonised-templates.html,OECD,active,"Standard data formats, published with XML schemas, for reporting summaries of studies on the physicochemical properties, environmental fate and (eco)toxicological effects of chemicals. Implemented in systems such as IUCLID, they let governments and industry exchange test summary data electronically in one harmonised structure.",https://web.archive.org/web/20121201174145/http://www.oecd.org/ehs/templates/developmentofoecdharmonisedtemplates.htm,release
omex,OMEX (COMBINE archive format),OMEX,,OMEX; COMBINE archive,2014,2014-09-15,Life Sciences infrastructure,Life Sciences infrastructure,,Standard: model/format,Standard,Life Sciences,,False,computational and predictive toxicology,False,https://doi.org/10.25504/FAIRsharing.27tnee,https://co.mbine.org/standards/omex,COMBINE,active,"OMEX (the COMBINE archive format) is a ZIP-based container with a manifest that packs all files of a modelling project (models, simulation descriptions, data and metadata) into one exchangeable file. It lets computational models and their simulation experiments be shared and reproduced as a single package.",https://github.com/combine-org/combine-specifications/blob/main/specifications/omex.md,release
oorf,OECD Omics Reporting Framework (OORF),OORF,,OORF,2021,2021-07-29,Application (regulatory),Made jointly,Application (Regulatory Use),Standard: reporting guideline,Standard,Toxicology,Wet-lab research; In silico research; Regulator,False,toxicogenomics; regulatory toxicology,False,https://doi.org/10.25504/FAIRsharing.41af40,https://www.oecd.org/en/publications/oecd-omics-reporting-framework-oorf-guidance-on-reporting-elements-for-the-regulatory-use-of-omics-data-from-laboratory-based-toxicology-studies_6bb2e6ce-en.html,OECD,active,"An OECD reporting framework that sets out what to report for transcriptomics and metabolomics data from laboratory toxicology studies, from study design and data acquisition to processing and statistical analysis. It makes omics data transparent and reproducible enough for regulators to evaluate and use.",https://doi.org/10.1016/j.yrtph.2021.105020,publication
openfoodtox,EFSA OpenFoodTox,EFSA OpenFoodTox,,OpenFoodTox,2017,2017-01-18,Application (regulatory),Made by regulators,Application (Regulatory Use),Database: knowledgebase,Database,Toxicology,Regulator,False,regulatory toxicology,True,https://doi.org/10.25504/FAIRsharing.80d69d,https://www.efsa.europa.eu/en/data-report/chemical-hazards-database-openfoodtox,EFSA,active,"EFSA's open chemical hazards database. For each substance it summarises the identity, the EFSA outputs and legal background, and the critical endpoints, reference points and health-based guidance values from EFSA risk assessments. It is released as downloadable open data and dashboards (built on IUCLID since OpenFoodTox 3.0 in 2026), so the hazard data can be reused, for example in QSAR and read-across work.",https://doi.org/10.2903/j.efsa.2017.e15011,publication
openrisknet,OpenRiskNet e-infrastructure,OpenRiskNet e-infrastructure,,OpenRiskNet; OpenRiskNet virtual research environment,2017,2017-07-12,Tools & Integration,Made by in silico research,Data Integration,Tool,Tool,Toxicology,In silico research,False,computational and predictive toxicology,False,,https://openrisknet.org,OpenRiskNet consortium,discontinued,"The OpenRiskNet e-infrastructure offered virtual research environments where containerised data and modelling services for predictive toxicology and risk assessment could be discovered, combined and deployed. The services had documented APIs and semantic annotation, and environments could run on workstations or on public and in-house clouds.",https://doi.org/10.5281/zenodo.831444,publication
opentox,OpenTox data model (API),OpenTox data model (API),,OpenTox data model; OpenTox,2009,2009,Tools & Integration,Made by in silico research,Data Integration,Standard: model/format,Standard,Toxicology,In silico research,False,nanotoxicology; computational and predictive toxicology,False,,https://doi.org/10.1186/1758-2946-2-7,OpenTox consortium (Douglas Connect),discontinued,"The web-service API and data model of the OpenTox framework, defining REST interfaces and RDF/OWL representations for compounds, datasets, features, algorithms, models and validation in predictive toxicology. It enabled interoperable, distributed toxicity prediction services and was later reused and extended for nanomaterials by eNanoMapper.",https://web.archive.org/web/20091027110619/http://www.opentox.org:80/dev/apis,release
owl,OWL (Web Ontology Language),OWL (Web Ontology Language),,OWL,2004,2004-02-10,Generic infrastructure,Generic infrastructure,,Standard: model/format,Standard,Generic,,False,nanotoxicology,False,https://doi.org/10.25504/FAIRsharing.atygwy,https://www.w3.org/OWL/,W3C,active,"The W3C Web Ontology Language, used to write ontologies with formal, logic-based meaning that software can reason over; it is layered on RDF. Most biomedical ontologies, including the eNanoMapper ontology and other ontologies used in toxicology, are built and shared in OWL, which makes annotations semantically interoperable.",https://www.w3.org/TR/2004/REC-owl-features-20040210/,adoption
parcfip,PARC Toxicology FAIR Implementation Profile,PARC Toxicology FIP,PARC Toxicology FIP,PARC Toxicology FIP; Toxicology specific FIPs (PARC),2026,2026-09-07,Tools & Integration,Made by in silico research,Data Integration,Collection,Collection,Toxicology,In silico research,True,,False,,https://w3id.org/np/RAKa7vUwc8qVbktDqDSpuq7lRrrKcjPKvkB4Tn7WHvr7E,PARC (Chemicals Toxicology Community),active,This is the FAIR Implementation Profile of the PARC Chemicals Toxicology Community. It declares which FAIR-enabling resources the community uses for each FAIR principle and is published as machine-readable nanopublications from the FIP Wizard.,https://w3id.org/np/RAKa7vUwc8qVbktDqDSpuq7lRrrKcjPKvkB4Tn7WHvr7E,release
pbk,PARC exchange standard for FAIR PBK models,PARC exchange standard for FAIR PBK…,,An exchange standard for FAIR PBK models in chemical risk assessment,2026,2026-06,Tools & Integration,Made jointly,Data Integration,Standard: model/format,Standard,Toxicology,In silico research; Regulator,False,computational and predictive toxicology,False,,https://fair-pbk.github.io/fair-pbk-standard/,PARC (European Partnership for the Assessment of Risks from Chemicals),active,"A community exchange standard, developed within PARC, for encoding and annotating physiologically based kinetic (PBK) models used in chemical risk assessment, building on the SBML model format. It lets PBK models be shared, understood and reused across software tools in line with the FAIR principles.",https://doi.org/10.1016/j.comtox.2026.100426,publication
portail_substances_chimiques_psc,INERIS - Chemical Substances Portal,INERIS - Chemical Substances Portal,,Portail Substances Chimiques (PSC),2009,2009,Application (regulatory),Made by regulators,Application (Regulatory Use),Database: repository,Database,Toxicology,Regulator,False,eco-toxicology; regulatory toxicology,True,https://doi.org/10.25504/FAIRsharing.b71e74,https://substances.ineris.fr/,INERIS (French National Institute for Industrial Environment and Risks),active,"French INERIS portal that brings together toxicological, ecotoxicological, physico-chemical, technical-economic and regulatory information on chemical substances. It includes INERIS toxicological and environmental data sheets, acute toxicity thresholds for accidents and environmental quality standards, mainly in French.",https://web.archive.org/web/20091227082216/http://www.ineris.fr/substances/fr/content/sitemap,release
pro,Protein Ontology (PRO),Protein Ontology (PRO),,Protein Ontology,2006,2006-11-10,Life Sciences infrastructure,Life Sciences infrastructure,,Standard: terminology artefact,Standard,Life Sciences,,False,AOP-based mechanistic knowledge,False,https://doi.org/10.25504/FAIRsharing.4ndncv,https://proconsortium.org,PRO Consortium (Protein Information Resource: Georgetown University / University of Delaware),active,"The Protein Ontology (PRO) is an ontology of protein entities, from families to gene-specific forms, isoforms, post-translationally modified forms and complexes, each with a stable identifier. It allows precise annotation of the exact protein form involved, for instance in pathway or key-event descriptions.",https://doi.org/10.1145/1183535.1183544,publication
pubchem,PubChem,PubChem,,PubChem,2004,2004,Life Sciences infrastructure,Life Sciences infrastructure,,Database: repository,Database,Life Sciences,,False,in vitro toxicology; computational and predictive toxicology,True,https://doi.org/10.25504/FAIRsharing.qt3w7z,https://pubchem.ncbi.nlm.nih.gov/,"NCBI, US National Library of Medicine (NIH)",active,"Open chemistry database of the US National Library of Medicine. Its linked Substance, Compound and BioAssay records, contributed by hundreds of depositors, cover structures, identifiers, properties, bioactivity screening results (including Tox21), safety and toxicity information, patents and literature, with web and programmatic access. It is a central hub for chemical identifiers and data in toxicology.",https://doi.org/10.1093/nar/gkv951,release
qsardb,QSAR DataBase,QSAR DataBase,"QsarDB, QDB","QsarDB, QDB",2012,2012-05-14,Life Sciences infrastructure,Life Sciences infrastructure,,Database: repository,Database,Life Sciences,,False,computational and predictive toxicology,True,https://doi.org/10.25504/FAIRsharing.ad3e10,https://qsardb.org/,University of Tartu (Institute of Chemistry),active,"Open repository of (Q)SAR and QSPR models and their data, stored in the open QsarDB format with persistent handles. Published models can be archived, cited, inspected, visualised and re-run for new predictions, which makes in silico models reusable.",https://qsardb.org/repository/handle/10967/4,release
rdf,RDF (Resource Description Framework),RDF (Resource Description Framework),,Resource Description Framework; RDF,1999,1999-02-22,Generic infrastructure,Generic infrastructure,,Standard: model/format,Standard,Generic,,False,AOP-based mechanistic knowledge,False,https://doi.org/10.25504/FAIRsharing.p77ph9,https://www.w3.org/RDF/,W3C,active,"The W3C Resource Description Framework is a graph data model that states facts as subject-predicate-object triples named by IRIs. It underlies linked data, so toxicology resources such as AOP-Wiki RDF and AOP-DB can be merged with other data and queried across sources.",https://www.w3.org/TR/1999/REC-rdf-syntax-19990222/,adoption
rdmkit,RDMkit,RDMkit,,ELIXIR Research Data Management Kit,2021,2021-03-31,Generic infrastructure,Generic infrastructure,,Tool,Tool,Generic,,False,,False,,https://rdmkit.elixir-europe.org,ELIXIR,active,"ELIXIR's open, community-written toolkit of research data management guidance for the life sciences, organised by data life-cycle stage, role and scientific domain, with links to relevant tools and standards. It helps researchers and data stewards choose the practices, metadata standards and repositories that make data FAIR.",https://doi.org/10.5281/zenodo.5110072,release
rdmtox,RDMkit toxicology page,RDMkit toxicology page,Dedicated toxicology page,Dedicated toxicology page; Toxicology data (RDMkit),2021,2021-10-20,Tools & Integration,Made by in silico research,Data Integration,Collection,Collection,Toxicology,In silico research,True,in vitro toxicology; eco-toxicology; regulatory toxicology,False,https://fairsharing.org/7474,https://rdmkit.elixir-europe.org/toxicology_data,ELIXIR Toxicology Community,active,"This is the toxicology domain page of the ELIXIR RDMkit. It explains data management problems and solutions for in vitro, animal, human and ecotoxicology data, and points to relevant standards, databases and tools; its resource list is mirrored as a FAIRsharing collection.",https://github.com/elixir-europe/rdmkit/pull/714,release
recipe_aop,FAIR Cookbook recipe: Annotating AOP Key Events with ontology terms,FAIR Cookbook recipe: Annotating AOP…,,Issue #668 FAIRplus/the-fair-cookbook,2024,2024-11-05,Tools & Integration,Made jointly,Data Integration,Tool,Tool,Toxicology,In silico research; Regulator,True,AOP-based mechanistic knowledge,False,,https://github.com/FAIRplus/the-fair-cookbook/issues/668,ELIXIR Toxicology Community (INTOXICOM),in development,"A FAIR Cookbook recipe, proposed on GitHub and not yet published, on annotating AOP-Wiki key events with ontology terms for process, object, action, cell type and organ, so that key event annotations are consistent and AOPs more interoperable.",https://doi.org/10.37044/osf.io/un2rw,publication
recipe_bao,FAIR Cookbook recipe: Metadata for cell-based assays using Bioassay Ontology (BAO),FAIR Cookbook recipe: Metadata…,,Issue #666 FAIRplus/the-fair-cookbook,2024,2024-11-05,Data Generation,Made by in silico research,Data Generation,Tool,Tool,Toxicology,In silico research,True,in vitro toxicology,False,,https://github.com/FAIRplus/the-fair-cookbook/issues/666,ELIXIR Toxicology Community (INTOXICOM),in development,"A FAIR Cookbook recipe, proposed on GitHub and not yet published, setting out minimum and desirable metadata for cell-based toxicology assays and how to annotate them with BioAssay Ontology terms, so that the data can be found and linked to AOPs.",https://doi.org/10.37044/osf.io/un2rw,publication
rodaf,R-ODAF (Omics Data Analysis Framework for Regulatory application),R-ODAF,,R-ODAF; omics data analysis framework for regulatory application,2022,2022-03-02,Tools & Integration,Made jointly,Data Integration,Tool,Tool,Toxicology,In silico research; Regulator,False,toxicogenomics; regulatory toxicology,False,,https://github.com/R-ODAF,Maastricht University; Health Canada (Cefic LRI C4 project),active,"R-ODAF is an open-source pipeline with extra filtering criteria that turns raw transcriptomics data (RNA-seq, TempO-Seq, microarray) into reproducible lists of differentially expressed genes. It was designed so that omics data can be accepted in regulatory hazard assessment.",https://doi.org/10.1016/j.yrtph.2022.105143,publication
s2cie,"S2CIE (semantic, syntactic, and context-based information extraction)",S2CIE,,S2CIE; kumar2026,2024,2024-09,Tools & Integration,Made jointly,Data Integration,Tool,Tool,Toxicology,In silico research; Regulator,False,AOP-based mechanistic knowledge,False,,https://dev.s2cie.insilicohub.org/,Universitat Rovira i Virgili (IISPV),active,"S2CIE is a web platform and API that annotates PubMed abstracts word by word with grammar, entity types and dependencies. It supports rule-based and semantic searches to extract mechanistic evidence, such as stressor-event links and key event relationships, for AOP development.",https://doi.org/10.1016/j.toxlet.2024.07.368,publication
sbml,Systems Biology Markup Language (SBML),SBML,,SBML,2001,2001-03-02,Life Sciences infrastructure,Life Sciences infrastructure,,Standard: model/format,Standard,Life Sciences,,False,computational and predictive toxicology,False,https://doi.org/10.25504/FAIRsharing.9qv71f,https://sbml.org,SBML community (COMBINE); originated at Caltech (ERATO Kitano project),active,"The Systems Biology Markup Language (SBML) is an XML exchange format for computational models of biological processes, such as biochemical reaction networks. It lets models be shared, reused and simulated across many software tools.",https://sbml.org/documents/specifications/level-1/,release
scirap,SciRAP (Science in Risk Assessment and Policy),SciRAP,,SciRAP,2013,2013,Application (regulatory),Made by wet-lab research,Application (Regulatory Use),Tool,Tool,Toxicology,Wet-lab research,False,in vitro toxicology; eco-toxicology; regulatory toxicology,False,,https://www.scirap.org,Karolinska Institutet; Stockholm University,active,"A web resource from Karolinska Institutet and Stockholm University. It offers criteria and tools for evaluating the reliability and relevance of in vivo, in vitro, ecotoxicity (CRED) and epidemiological studies, plus reporting checklists for researchers. It makes study evaluations transparent and helps academic studies report what regulatory risk assessment needs.",http://web.archive.org/web/20130814223111/http://scirap.org,release
sedml,SED-ML (Simulation Experiment Description Markup Language),SED-ML,,SED-ML,2008,2008,Life Sciences infrastructure,Life Sciences infrastructure,,Standard: model/format,Standard,Life Sciences,,False,computational and predictive toxicology,False,https://doi.org/10.25504/FAIRsharing.6f7m6j,https://sed-ml.org,SED-ML community (COMBINE); initiated at EMBL-EBI,active,"SED-ML is an XML format for describing simulation experiments on computational models: which models to use, how to change them, which simulations to run and which outputs to produce. It makes model-based simulation results reproducible across software tools.",https://doi.org/10.1007/978-3-540-88562-7_15,publication
send,SEND (Standard for Exchange of Nonclinical Data),SEND,,SEND; CDISC SEND,2004,2004,Application (regulatory),Made jointly,Application (Regulatory Use),Standard: model/format,Standard,Toxicology,Wet-lab research; In silico research; Regulator,False,regulatory toxicology,False,https://doi.org/10.25504/FAIRsharing.7z842d,https://www.cdisc.org/standards/foundational/send,CDISC,active,"A CDISC standard that specifies how data from nonclinical (animal) toxicology studies are organised, formatted and coded for exchange and electronic submission to regulators such as the US FDA. Its implementation guides define domains, variables and controlled terminology so study data can be reviewed, pooled and reused consistently.",https://web.archive.org/web/20040519003134/http://www.cdisc.org:80/models/send/v1.4/index.html,release
smiles,Simplified Molecular Input Line Entry Specification Format,SMILES,SMILES,SMILES,1987,1987-08,Life Sciences infrastructure,Life Sciences infrastructure,,Standard: identifier schema,Standard,Life Sciences,,False,computational and predictive toxicology,True,https://doi.org/10.25504/FAIRsharing.qv4b3c,http://opensmiles.org/opensmiles.html,David Weininger (US EPA Duluth) and Daylight Chemical Information Systems; OpenSMILES by the Blue Obelisk community,active,"Line notation that writes a chemical structure as a short ASCII string, with canonical and isomeric forms and an open community specification (OpenSMILES). It is used to exchange, store and search structures and as input to QSAR, read-across and other in silico toxicology tools.",https://nepis.epa.gov/Exe/ZyPDF.cgi/2000CAUR.PDF?Dockey=2000CAUR.PDF,publication
sparql,SPARQL,SPARQL,,SPARQL endpoint,2008,2008-01-15,Generic infrastructure,Generic infrastructure,,Standard: model/format,Standard,Generic,,False,AOP-based mechanistic knowledge,False,https://doi.org/10.25504/FAIRsharing.87ccfd,https://www.w3.org/TR/sparql11-query/,W3C,active,"The W3C query language and protocol for RDF data. Through SPARQL endpoints, people and software can query and combine linked datasets, such as AOP-Wiki RDF and AOP-DB RDF, in a standard way.",https://www.w3.org/TR/2008/REC-rdf-sparql-query-20080115/,adoption
spin,Substances in Preparations In the Nordic countries SPIN,SPIN,,SPIN,2000,2000,Application (regulatory),Made by regulators,Application (Regulatory Use),Database: repository,Database,Toxicology,Regulator,False,exposome; regulatory toxicology,True,https://doi.org/10.25504/FAIRsharing.5fee61,http://spin2000.net/,"Nordic Council of Ministers (Chemicals Group) with the product registers of Norway, Sweden, Denmark and Finland",active,"Public database on the use of chemical substances in products in Norway, Sweden, Denmark and Finland. It is derived from the national product registers without disclosing confidential information and gives tonnages, numbers of products, industry sectors (NACE) and use categories per substance and year, online and as a downloadable offline database. It supports exposure assessment and regulatory prioritisation of chemicals.",https://doi.org/10.25504/FAIRsharing.5fee61,FAIRsharing year
t3db,Toxin and Toxin Target Database,T3DB,T3DB,T3DB,2009,2009-11-06,Tools & Integration,Made by in silico research,Data Integration,Database: knowledgebase,Database,Toxicology,In silico research,False,exposome; computational and predictive toxicology,True,https://doi.org/10.25504/FAIRsharing.psn0h2,https://www.t3db.ca/,University of Alberta (Wishart group),active,"Bioinformatics knowledgebase of common toxic substances, such as pollutants, pesticides, drugs and food toxins. Each toxin record links to its protein targets, mechanisms of action, toxicity values, and chemical and spectral data, and can be searched by text, structure or sequence. It was later presented as the Toxic Exposome Database.",https://doi.org/10.1093/nar/gkp934,publication
tbc,Tox Biology Checklist,Tox Biology Checklist,TBC,TBC,2007,2007-04-17,Data Generation,Made jointly,Data Generation,Standard: reporting guideline,Standard,Toxicology,Wet-lab research; In silico research; Regulator,False,toxicogenomics,True,https://doi.org/10.25504/FAIRsharing.jgbxr,https://doi.org/10.1093/toxsci/kfm090,NIEHS-led working group (with US EPA and US FDA NCTR),discontinued,"A checklist of the information that should accompany data from a toxicology or toxicogenomics study: subject characteristics, treatment and sample collection, husbandry and disposition, and the study timeline. It was proposed so that study data deposited in databases such as CEBS could be interpreted and compared across studies. It is no longer maintained.",https://doi.org/10.1093/toxsci/kfm090,publication
temowl,TeMOwl,TeMOwl,,,2019,2019,Life Sciences infrastructure,Life Sciences infrastructure,,Tool,Tool,Life Sciences,,False,,False,,https://openrisknet.org/e-infrastructure/services/163/,Fraunhofer SCAI,discontinued,"TeMOwl is a Fraunhofer SCAI API service that gives one programmatic access point to controlled vocabularies, terminologies and ontologies from different providers, and maps equivalent concepts across them. In OpenRiskNet it was used to map identifiers and names to concepts.",https://web.archive.org/web/20191208160125/https://openrisknet.org/e-infrastructure/services/163/,release
tggates,Open Toxicogenomics Project-Genomics Assisted Toxicity Evaluation system,Open TG-GATEs,Open TG-GATEs,Open TG-GATEs,2011,2011-02-25,Data Generation,Made jointly,Data Generation,Database: repository,Database,Toxicology,Wet-lab research; In silico research; Regulator,False,in vitro toxicology; toxicogenomics,True,https://fairsharing.org/2604,https://dbarchive.biosciencedbc.jp/en/open-tggates/desc.html,"Japanese Toxicogenomics Project (NIBIO/NIBIOHN, NIHS and 15 pharmaceutical companies)",discontinued,"Toxicogenomics database from the Japanese Toxicogenomics Project with microarray gene expression, blood chemistry, haematology and pathology data for 170 compounds, tested in rats and in rat and human primary hepatocytes. It could be searched by compound or pathological finding, with raw CEL files for download. The original site has closed; the data remain in the Japanese Life Science Database Archive.",https://dbarchive.biosciencedbc.jp/en/open-tggates/desc.html,release
toxcoll,ELIXIR Toxicology FAIRsharing collection,ELIXIR Toxicology collection,ELIXIR Toxicology collection,ELIXIR Toxicology collection; FAIRsharing collection 3496,2020,2020-06-09,Tools & Integration,Made by in silico research,Data Integration,Collection,Collection,Toxicology,In silico research,True,,False,https://doi.org/10.25504/FAIRsharing.f60a10,https://fairsharing.org/3496,ELIXIR Toxicology Community,active,"This FAIRsharing collection, curated by the ELIXIR Toxicology Community, groups standards, databases and policies relevant to toxicology and chemical risk assessment, making them easier to find, compare and reuse.",https://fairsharing.org/3496,release
toxml,Toxicology Data Markup Language,ToxML,ToxML,ToxML,2006,2006,Tools & Integration,Made by in silico research,Data Integration,Standard: model/format,Standard,Toxicology,In silico research,False,computational and predictive toxicology,True,https://doi.org/10.25504/FAIRsharing.emw61v,https://doi.org/10.1080/1062936X.2013.783506,Leadscope; Lhasa Limited,discontinued,"An open XML schema with a controlled vocabulary for recording toxicity studies and endpoints (e.g. genetic toxicity, carcinogenicity, repeated-dose toxicity) in enough detail for database integration and (Q)SAR modelling. Leadscope developed it and Lhasa Limited later hosted it; it gave toxicity data from different sources a common exchange structure. Its website is no longer online.",http://web.archive.org/web/20060320041511/http://www.leadscope.com/toxml.php,release
toxrtool,ToxRTool (Toxicological data Reliability assessment Tool),ToxRTool,,ToxRTool,2009,2009-05-27,Application (regulatory),Made by regulators,Application (Regulatory Use),Tool,Tool,Toxicology,Regulator,False,in vitro toxicology; regulatory toxicology,False,,https://doi.org/10.1016/j.toxlet.2009.05.013,EC JRC (ECVAM); FoBiG,unknown,"An Excel-based tool, made in an ECVAM-funded project, with criteria for judging the reliability of in vivo and in vitro toxicity studies and assigning them to Klimisch categories 1 to 3. It makes reliability judgements explicit and harmonised, which supports reuse of published and non-guideline studies in regulatory assessment.",https://doi.org/10.1016/j.toxlet.2009.05.013,publication
toxtemp,ToxTemp,ToxTemp,,,2019,2019-10,Data Generation,Made jointly,Data Generation,Standard: reporting guideline,Standard,Toxicology,Wet-lab research; Regulator,False,in vitro toxicology; regulatory toxicology,False,,https://doi.org/10.14573/altex.1909271,University of Konstanz (EU-ToxRisk),active,"A structured template, developed within EU-ToxRisk and aligned with OECD GD 211, for describing cell-based toxicological test methods comprehensively and in a standard order. It captures the metadata needed to judge the readiness, relevance and reliability of in vitro methods and their data for regulatory use.",https://doi.org/10.14573/altex.1909271,publication
uniprot,UniProt,UniProt,,,2003,2003-12,Life Sciences infrastructure,Life Sciences infrastructure,,Database: knowledgebase and repository,Database,Life Sciences,,False,computational and predictive toxicology,False,https://doi.org/10.25504/FAIRsharing.s1ne3g,https://www.uniprot.org,"UniProt Consortium (EMBL-EBI, SIB, PIR)",active,"A comprehensive, freely available resource of protein sequences and functional information. It combines the expert-curated Swiss-Prot and the automatically annotated TrEMBL sections with the UniRef clusters and the UniParc archive. Its stable accessions and many cross-references are used to identify proteins unambiguously when annotating models, pathways and mechanistic toxicology data.",https://doi.org/10.1093/nar/gkh131,publication
wikipathways,WikiPathways,WikiPathways,,,2007,2007,Life Sciences infrastructure,Life Sciences infrastructure,,Database: knowledgebase,Database,Life Sciences,,False,AOP-based mechanistic knowledge,False,https://doi.org/10.25504/FAIRsharing.1x53qk,https://www.wikipathways.org,Gladstone Institutes / Maastricht University (BiGCaT),active,"An open, community-curated database of biological pathways, edited collaboratively and released under CC0 in machine-readable formats such as GPML and RDF. Pathway elements are linked to gene, protein and metabolite identifiers, so the pathways support omics enrichment analysis and links to adverse outcome pathways.",https://doi.org/10.1093/nar/gkad960,release
